HTML_CSS,Thẻ HTML nào sau đây được sử dụng để nhúng một trang web khác vào trang web hiện tại?,`<link>`,`<img>`,`<iframe>`,`<meta>`,c
HTML_CSS,"Thuộc tính `target` của thẻ `<a>` có tác dụng gì khi được đặt là `""_blank""`?",Mở liên kết trong cửa sổ hiện tại.,Mở liên kết trong một tab hoặc cửa sổ mới.,Mở liên kết trong khung (frame) cùng vị trí.,Không có tác dụng gì.,b
HTML_CSS,"Đoạn mã HTML nào sau đây dùng để tạo ra danh sách không có thứ tự, với các mục được hiển thị dưới dạng dấu chấm?",`<ol><li>...</li></ol>`,"`<ol type=""disc""><li>...</li></ol>`","`<ul type=""1""><li>...</li></ul>`",`<ul><li>...</li></ul>`,d
HTML_CSS,"Trong CSS, thuộc tính nào sau đây được sử dụng để thay đổi phông chữ của một phần tử?",`color`,`font-family`,`text-style`,`text-font`,b
HTML_CSS,Thẻ `<iframe>` có thuộc tính `src` dùng để làm gì?,Xác định URL của trang web sẽ được nhúng.,Xác định chiều rộng của iframe.,Xác định chiều cao của iframe.,Xác định tiêu đề của iframe.,a
HTML_CSS,"Điều gì sẽ xảy ra nếu bạn sử dụng thẻ `<iframe src=""https://www.google.com"" width=""500"" height=""300""></iframe>` trong trang HTML của bạn?",Hiển thị một hình ảnh của Google.,Hiển thị trang web Google bên trong một khung.,Hiển thị mã nguồn HTML của trang web Google.,Gây ra lỗi.,b
HTML_CSS,"Bạn muốn tạo một siêu liên kết đến một phần cụ thể của trang web (ví dụ: đến phần có id là ""Topic1""). Bạn sẽ sử dụng thẻ nào và thuộc tính nào?","`<a href=""#Topic1"">`","`<a name=""Topic1"">`","`<a url=""#Topic1"">`","`<a link=""#Topic1"">`",a
HTML_CSS,Thuộc tính `border-style` trong CSS dùng để làm gì?,Thiết lập màu sắc cho đường viền.,"Thiết lập kiểu dáng (ví dụ: solid, dashed, dotted) cho đường viền.",Thiết lập độ rộng của đường viền.,Thiết lập khoảng cách giữa đường viền và nội dung.,b
HTML_CSS,Bạn muốn nhúng một video từ YouTube vào trang web của bạn bằng `<iframe>`. Đoạn mã nào sau đây là chính xác (giả sử bạn đã tìm được URL nhúng của video)?,"`<iframe title=""Video""></iframe>`","`<iframe src=""video.mp4""></iframe>`","`<iframe src=""[URL_NHUNG_VIDEO]"" width=""560"" height=""315"" frameborder=""0"" allowfullscreen></iframe>`","`<iframe href=""[URL_NHUNG_VIDEO]""></iframe>`",c
HTML_CSS,Mục đích của thẻ `<meta>` trong HTML là gì?,Để định dạng văn bản.,"Để cung cấp thông tin về tài liệu (ví dụ: từ khóa, mô tả).",Để tạo các siêu liên kết.,Để nhúng hình ảnh.,b
HTML_CSS,"Trong CSS, thuộc tính `margin` dùng để làm gì?",Thiết lập màu sắc của phần tử.,Thiết lập độ dày của đường viền.,Thiết lập khoảng cách bên ngoài của phần tử.,Thiết lập khoảng cách bên trong của phần tử.,c
HTML_CSS,Đâu là thẻ HTML dùng để tạo một tiêu đề cấp 2?,`<h1>`,`<h2>`,`<p>`,`<h3>`,b
HTML_CSS,Một trang web sử dụng `<iframe>` để hiển thị nội dung từ một trang web khác. Người dùng tương tác với nội dung trong `<iframe>`. Điều này có ảnh hưởng gì đến trang web gốc?,Trang web gốc sẽ bị ảnh hưởng bởi mọi thay đổi người dùng thực hiện trong iframe.,Trang web gốc sẽ hiển thị một popup.,Trang web gốc không có ảnh hưởng trực tiếp.,Trang web gốc sẽ tự động tải lại.,c
HTML_CSS,Thuộc tính `display: none;` trong CSS có tác dụng gì?,Thay đổi màu sắc của phần tử.,Thay đổi kích thước của phần tử.,"Ẩn phần tử khỏi trang web, không chiếm không gian.","Ẩn phần tử khỏi trang web, nhưng chiếm không gian như bình thường.",d
HTML_CSS,"Nếu bạn muốn tạo một khung (iframe) có chiều cao là 400 pixel và chiều rộng là 600 pixel, bạn sẽ viết như thế nào?","`<iframe height=""600"" width=""400""></iframe>`","`<iframe width=""400"" height=""600""></iframe>`","`<iframe width=""600"" height=""400""></iframe>`","`<iframe size=""600x400""></iframe>`",c
HTML_CSS,Thẻ nào sau đây được sử dụng để nhúng một đoạn âm thanh vào trang web?,`<audio>`,`<sound>`,`<music>`,`<video>`,a
HTML_CSS,Bạn đang nhúng một bản đồ Google Maps vào trang web của bạn bằng `<iframe>`. Bạn muốn bản đồ hiển thị theo kích thước 800px chiều rộng và 400px chiều cao. Dòng code nào sau đây là đúng?,"`<iframe src=""[URL_BAN_DO]"" size=""800x400""></iframe>`","`<iframe src=""[URL_BAN_DO]""></iframe>`","`<iframe src=""[URL_BAN_DO]"" width=""800"" height=""400""></iframe>`","`<iframe width=800 height=400 frameborder=""0"" src=""[URL_BAN_DO]""></iframe>`",c
HTML_CSS,"Trong CSS, thuộc tính `padding` dùng để làm gì?",Thiết lập khoảng cách bên trong của phần tử.,Thiết lập khoảng cách bên ngoài của phần tử.,Thiết lập màu nền của phần tử.,Thiết lập kiểu chữ của phần tử.,a
HTML_CSS,"Để liên kết một tệp CSS bên ngoài vào một trang HTML, bạn sử dụng thẻ nào?",`<style>`,`<link>`,`<script>`,`<meta>`,b
HTML_CSS,Bạn có thể sử dụng thuộc tính `<iframe>` nào để vô hiệu hóa thanh cuộn trong iframe?,"`scroll=""yes""`","`scroll=""auto""`","`scrolling=""no""`",Không có thuộc tính nào để làm điều đó.,c
HTML_CSS,Thẻ HTML nào sau đây được sử dụng để tạo một liên kết neo (anchor) đến một phần cụ thể trong cùng một trang?,"`<a href=""link""></a>`","`<a url=""#section""></a>`","`<a href=""#section""></a>`","`<a name=""section""></a>`",c
HTML_CSS,Thuộc tính CSS nào sau đây được sử dụng để thay đổi độ đậm của chữ?,`font-style`,`text-weight`,`font-weight`,`font-variant`,c
HTML_CSS,"Đoạn mã HTML nào sau đây tạo ra một danh sách không có thứ tự với các mục là ""Item 1"", ""Item 2"", và ""Item 3""?",`<ol><li>Item 1</li><li>Item 2</li><li>Item 3</li></ol>`,`<ul><li>Item 1</li><li>Item 2</li><li>Item 3</li></ul>`,`<dl><li>Item 1</li><li>Item 2</li><li>Item 3</li></dl>`,`<list><li>Item 1</li><li>Item 2</li><li>Item 3</li></list>`,b
HTML_CSS,Thuộc tính nào sau đây của CSS được dùng để thay đổi màu chữ của một đoạn văn bản?,`background-color`,`color`,`text-color`,`font-color`,b
HTML_CSS,Thẻ HTML nào được sử dụng để bao bọc tiêu đề của một trang web?,`<body>`,`<title>`,`<head>`,`<h1>`,b
HTML_CSS,"Giá trị nào của thuộc tính `target` trong thẻ `<a href="""">` sẽ mở liên kết trong một cửa sổ hoặc tab trình duyệt mới?","`target=""_self""`","`target=""_parent""`","`target=""_blank""`","`target=""_top""`",c
HTML_CSS,Thuộc tính CSS nào sau đây được sử dụng để thay đổi kích thước phông chữ của một phần tử?,`font-style`,`text-size`,`font-variant`,`font-size`,d
HTML_CSS,Thẻ HTML nào sau đây dùng để tạo một đoạn văn bản có độ quan trọng cao (thường được hiển thị in đậm)?,`<i>`,`<em>`,`<strong>`,`underline`,c
HTML_CSS,Đâu là thẻ dùng để nhúng tập tin âm thanh vào trang web?,`<video>`,`<audio>`,`<embed>`,`<sound>`,b
HTML_CSS,Thẻ HTML nào sau đây là thẻ cha chứa các thông tin về liên kết đến các file CSS bên ngoài?,`<body>`,`<h1>`,`<head>`,`<title>`,c
HTML_CSS,Thuộc tính nào sau đây được sử dụng để thêm CSS vào một trang HTML?,`<script>`,`<img>`,`<link>`,`<style>`,c
HTML_CSS,Thuộc tính `type` của thẻ `<input>` với giá trị nào cho phép người dùng nhập nhiều dòng văn bản?,"`type=""radio""`","`type=""email""`","`type=""text""`","`type=""password""`",c
HTML_CSS,Thẻ HTML nào sau đây được sử dụng để tạo một phần tử đánh dấu (highlight) văn bản?,`<mark>`,`<b>`,`<em>`,`<bold>`,a
HTML_CSS,Thuộc tính CSS nào sau đây được sử dụng để đặt lề (khoảng trắng) bên trong phần tử?,`margin`,`padding`,`border`,`spacing`,b
HTML_CSS,Thẻ HTML nào sau đây được sử dụng để nhúng một trang web khác vào trang hiện tại?,`<iframe>`,`<frame>`,`<embed>`,`<object>`,a
HTML_CSS,Thuộc tính CSS `display: none;` có tác dụng gì?,"Hiển thị phần tử, nhưng không chiếm không gian.",Ẩn phần tử và không chiếm không gian.,Hiển thị phần tử và chiếm toàn bộ chiều rộng.,Chỉ hiển thị phần tử dưới dạng khối.,b
HTML_CSS,Thuộc tính `rel` trong thẻ `<link>` có giá trị “stylesheet” có ý nghĩa gì?,Liên kết đến một file JavaScript,Liên kết đến một file CSS,Liên kết đến một file hình ảnh,Liên kết đến một trang web khác,b
HTML_CSS,"Trong HTML, thuộc tính `alt` của thẻ `<img>` dùng để làm gì?",Cung cấp văn bản thay thế cho hình ảnh,Đặt kích thước chiều cao của ảnh,Đặt kích thước chiều rộng của ảnh,Chỉ định URL của hình ảnh,a
HTML_CSS,"Để liên kết một file CSS bên ngoài vào trang HTML, bạn sử dụng thẻ nào?",`<style>`,`<link>`,`<body>`,`<script>`,b
HTML_CSS,Thuộc tính CSS nào được sử dụng để thay đổi phông chữ của một phần tử văn bản?,`text-style`,`font-color`,`font-family`,`text-font`,c
HTML_CSS,Thẻ HTML nào sau đây được sử dụng để tạo một bảng?,`<list>`,`<dl>`,`<ul>`,`<table>`,d
HTML_CSS,"Trong HTML, thuộc tính `href` của thẻ `<a>` dùng để làm gì?",Chỉ định chiều rộng của liên kết,Chỉ định URL của liên kết,Chỉ định màu sắc của liên kết,Chỉ định phông chữ của liên kết,b
HTML_CSS,"Trong HTML, thẻ `<em>` dùng để làm gì?",In đậm chữ,Tạo chữ nghiêng (nhấn mạnh),Tạo tiêu đề,Tạo danh sách,b
HTML_CSS,Thuộc tính CSS nào sau đây được dùng để đặt màu cho đường viền của một phần tử?,`border-width`,`border-radius`,`border-color`,`border-style`,c
HTML_CSS,Đoạn mã HTML nào sau đây tạo ra một siêu liên kết?,"`<link href=""url"">Liên kết</link>`","`<a href=""url"">Liên kết</a>`","`<hyperlink url=""url"">Liên kết</hyperlink>`","`<url href=""url"">Liên kết</url>`",b
HTML_CSS,Thuộc tính CSS nào được sử dụng để thay đổi lề (margin) của một phần tử?,`padding`,`margin`,`border`,`spacing`,b
HTML_CSS,Thẻ HTML nào sau đây được sử dụng để tạo một tiêu đề cấp 2 (heading 2)?,`<h1>`,`<h2>`,`<h3>`,`<title>`,b
HTML_CSS,Thuộc tính CSS `border-style` có thể nhận giá trị nào?,`color`,`solid`,`width`,`size`,b
HTML_CSS,Thẻ `<tr>` được sử dụng bên trong thẻ nào để tạo các hàng trong bảng?,`<td>`,`<th>`,`<table>`,`<ul>`,c
HTML_CSS,Thuộc tính `method` trong thẻ `<form>` có thể nhận giá trị nào?,`link`,`post`,`text`,`image`,b
HTML_CSS,Thẻ HTML nào sau đây dùng để tạo một danh sách có thứ tự?,`<ul>`,`<dl>`,`<ol>`,`<li>`,c
HTML_CSS,Thuộc tính `width` trong thẻ `<img>` dùng để làm gì?,Chỉ định URL của hình ảnh,Chỉ định văn bản thay thế cho hình ảnh,Chỉ định chiều rộng của hình ảnh,Chỉ định chiều cao của hình ảnh,c
HTML_CSS,Thuộc tính CSS nào sau đây dùng để thiết lập màu nền cho một phần tử?,`background-color`,`color`,`text-color`,`font-color`,a
HTML_CSS,Thẻ HTML nào sau đây được sử dụng để tạo một ô trong bảng (table cell)?,`<tr>`,`<table>`,`<th>`,`<td>`,d
HTML_CSS,Thuộc tính CSS nào sau đây được dùng để thay đổi kiểu hiển thị của một phần tử?,`display`,`visibility`,`position`,`float`,a
HTML_CSS,"Câu lệnh `<meta charset=""UTF-8"">` có tác dụng gì trong HTML?",Xác định bảng mã ký tự cho trang web,Liên kết đến một tệp CSS,Chèn một hình ảnh vào trang web,Tạo một siêu liên kết,a
HTML_CSS,Thẻ HTML nào sau đây được sử dụng để tạo một đoạn văn bản (paragraph)?,`<h1>`,`<h2>`,`<p>`,`<div>`,c
HTML_CSS,Thuộc tính CSS `font-weight: bold;` làm gì?,Thay đổi kiểu chữ,Làm cho chữ in đậm,Thay đổi kích thước chữ,Thay đổi màu chữ,b
HTML_CSS,Thẻ HTML nào sau đây được sử dụng để nhúng video vào trang web?,`<audio>`,`<video>`,`<source>`,`<embed>`,b
HTML_CSS,"Trong HTML, thẻ `<ul>` tạo ra loại danh sách nào?",Danh sách có thứ tự (ordered list),Danh sách không có thứ tự (unordered list),Danh sách định nghĩa (definition list),Danh sách lồng nhau (nested list),b
HTML_CSS,Thuộc tính `src` trong thẻ `<img>` dùng để làm gì?,Xác định đường dẫn đến hình ảnh,Thiết lập chiều cao của hình ảnh,Thiết lập chiều rộng của hình ảnh,Cung cấp văn bản thay thế cho hình ảnh,a
HTML_CSS,Thuộc tính `action` trong thẻ `<form>` dùng để làm gì?,Chỉ định URL mà dữ liệu biểu mẫu sẽ được gửi đến,Chỉ định phương thức gửi dữ liệu (GET hoặc POST),Đặt tên cho biểu mẫu,Chỉ định các trường đầu vào trong biểu mẫu,a
HTML_CSS,Giá trị `_blank` của thuộc tính `target` trong thẻ `<a>` có ý nghĩa gì?,Mở liên kết trong một cửa sổ hoặc tab mới,Mở liên kết trong cùng một cửa sổ hoặc tab,Mở liên kết trong khung cha,Mở liên kết trong khung trên cùng,a
HTML_CSS,Thuộc tính CSS nào sau đây được sử dụng để thiết lập màu chữ cho phần tử HTML?,`background-color`,`color`,`font-color`,`text-color`,b
HTML_CSS,Thẻ HTML nào sau đây dùng để tạo một tiêu đề cấp 1 (heading 1)?,`<h1>`,`<h2>`,`<h3>`,`<title>`,a
HTML_CSS,Thuộc tính CSS `border-style: solid;` làm gì?,Đặt màu cho đường viền,Đặt độ rộng cho đường viền,Tạo đường viền liền,Tạo đường viền bo tròn,c
HTML_CSS,Thẻ HTML nào sau đây được sử dụng để tạo một hàng trong bảng (table row)?,`<td>`,`<table>`,`<tr>`,`<th>`,c
HTML_CSS,"Thuộc tính `value` trong thẻ `<input type=""text"">` dùng để làm gì?",Xác định giá trị ban đầu của trường,Chỉ định nhãn cho trường,Đặt kiểu dữ liệu cho trường,Xác định kích thước của trường,a
HTML_CSS,Thuộc tính CSS nào cho phép bạn thiết lập khoảng trắng giữa các phần tử và đường viền của chúng?,`margin`,`padding`,`border`,`spacing`,b
HTML_CSS,"Để tạo một liên kết đến một phần cụ thể trong trang (ví dụ: id=""section1""), bạn sử dụng cú pháp nào?","`<a href=""#section1""></a>`","`<a name=""section1""></a>`","`<a id=""section1""></a>`","`<a link=""#section1""></a>`",a
HTML_CSS,Thuộc tính `controls` trong thẻ `<video>` có tác dụng gì?,Hiển thị các nút điều khiển phát lại video,Tự động phát video khi trang web được tải,Lặp lại video liên tục,Tắt tiếng video,a
HTML_CSS,"Trong HTML, thẻ `<li>` dùng để làm gì?",Tạo một bảng (table),Tạo một mục trong danh sách,Tạo một liên kết,Tạo một đoạn văn bản,b
HTML_CSS,Thuộc tính CSS nào được sử dụng để thay đổi kích thước phông chữ của một phần tử?,`font-style`,`font-size`,`text-size`,`font-weight`,b
HTML_CSS,Thuộc tính CSS `margin` được sử dụng để làm gì?,Thiết lập khoảng cách giữa các phần tử và nội dung của chúng,Thiết lập khoảng cách giữa các phần tử,Thiết lập đường viền,Thiết lập màu nền,b
HTML_CSS,Thẻ HTML nào dùng để tạo một hộp kiểm (checkbox) trong một biểu mẫu?,"`<input type=""radio"">`","`<input type=""text"">`","`<input type=""checkbox"">`","`<input type=""submit"">`",c
HTML_CSS,Thuộc tính `height` trong thẻ `<img>` dùng để làm gì?,Chỉ định URL của hình ảnh,Chỉ định văn bản thay thế cho hình ảnh,Chỉ định chiều rộng của hình ảnh,Chỉ định chiều cao của hình ảnh,d
HTML_CSS,Thuộc tính `start` trong thẻ `<ol>` có ý nghĩa gì?,"Xác định kiểu danh sách (ví dụ: chữ số, chữ cái)",Xác định số bắt đầu của danh sách,Sắp xếp danh sách theo thứ tự,Chỉ định hướng của danh sách,b
HTML_CSS,"Để chỉ định một kiểu CSS cho một phần tử HTML, bạn sử dụng thuộc tính nào?",`class`,`style`,`id`,`href`,b
HTML_CSS,Thuộc tính `action` của thẻ `<form>` dùng để làm gì?,Chỉ định URL mà dữ liệu biểu mẫu sẽ được gửi đến.,Đặt phương thức gửi dữ liệu của biểu mẫu.,Đặt tên cho biểu mẫu.,Định dạng kiểu hiển thị của các trường trong biểu mẫu.,a
HTML_CSS,Thẻ `<em>` trong HTML thường được dùng để:,Hiển thị văn bản quan trọng,Nhấn mạnh văn bản bằng cách hiển thị nghiêng,Tạo tiêu đề cho trang web,Định nghĩa một danh sách,b
HTML_CSS,Thuộc tính CSS nào được sử dụng để thay đổi phông chữ của một phần tử?,`color`,`background-color`,`border-color`,`font-family`,d
HTML_CSS,"Đoạn HTML nào sau đây tạo ra một danh sách không có thứ tự với các mục là ""Item 1"" và ""Item 2""?",`<ol><li>Item 1</li><li>Item 2</li></ol>`,`<ul><li>Item 1</li><li>Item 2</li></ul>`,`<list><li>Item 1</li><li>Item 2</li></list>`,`<dl><li>Item 1</li><li>Item 2</li></dl>`,b
HTML_CSS,Thẻ HTML nào được sử dụng để tạo một siêu liên kết?,`<link>`,`<div>`,`<meta>`,`<a>`,d
HTML_CSS,Thuộc tính CSS nào được sử dụng để điều chỉnh khoảng cách bên trong của một phần tử?,`padding`,`margin`,`border-style`,`width`,a
HTML_CSS,Thẻ HTML nào được sử dụng để định nghĩa tiêu đề chính của một trang web?,`<em>`,`<p>`,`<mark>`,`<h1>`,d
HTML_CSS,"Đoạn mã HTML nào sau đây tạo một bảng có một hàng và một cột, chứa văn bản ""Dữ Liệu""?",`<table><td>Dữ Liệu</td></table>`,`<table><tr><td>Dữ Liệu</td></tr>`,`<table><tr><td>Dữ Liệu</td></tr></table>`,`<table><tr><td>Dữ Liệu</td></tr></tr>`,c
HTML_CSS,Thuộc tính CSS nào được sử dụng để thiết lập độ đậm của chữ?,`font-size`,`font-weight`,`font-family`,`color`,b
HTML_CSS,Thẻ HTML nào được sử dụng để nhúng một đoạn video vào trang web?,`<audio>`,`<video>`,"`<img src="""">`",`<source>`,b
HTML_CSS,Thuộc tính HTML nào được sử dụng để chỉ định địa chỉ URL của một liên kết?,`src`,`alt`,`href`,`rel`,c
HTML_CSS,Thuộc tính CSS nào được sử dụng để thay đổi màu chữ của một phần tử?,`color`,`background-color`,`font-family`,`font-size`,a
HTML_CSS,Thẻ HTML nào được sử dụng để tạo một trường nhập liệu văn bản trong một biểu mẫu?,`<textarea>`,`<select>`,"`<input type=""text"">`",`<button>`,c
HTML_CSS,Đoạn mã HTML nào sau đây tạo ra một phần tử in nghiêng?,`<strong>`,`<p>`,`<em>`,`<mark>`,c
HTML_CSS,Thuộc tính CSS nào được sử dụng để thiết lập lề bên ngoài của một phần tử?,`padding`,`margin`,`border-style`,`width`,b
HTML_CSS,"Thẻ HTML nào được sử dụng để tạo một danh sách có thứ tự, bắt đầu từ số 5?","`<ol type=""5"">`","`<ol start=""5"">`","`<ul start=""5"">`","`<ul type=""5"">`",b
HTML_CSS,"Đoạn HTML nào sau đây được sử dụng để tạo một hình ảnh với đường dẫn ""image.jpg"" và văn bản thay thế ""Hình ảnh""?","`<img src=""image.jpg"" text=""Hình ảnh"">`","`<img url=""image.jpg"" alt=""Hình ảnh"">`","`<img src=""image.jpg"" alt=""Hình ảnh"">`","`<img alt=""Hình ảnh"" src=""image.jpg"">`",c
HTML_CSS,Thuộc tính CSS nào được sử dụng để thiết lập kiểu đường viền của một phần tử?,`border-color`,`border-width`,`border-style`,`border`,c
HTML_CSS,Thẻ HTML nào được sử dụng để chèn một khung nội tuyến (iframe)?,`<frame>`,`<object>`,`<iframe>`,`<embed>`,c
HTML_CSS,"Đoạn HTML nào sau đây tạo một liên kết đến neo có ID là ""Topic1""?","`<a href=""Topic1"">`","`<a href=""#Topic1"">`","`<a name=""Topic1"">`","`<a id=""Topic1"">`",b
HTML_CSS,Thuộc tính CSS nào được sử dụng để thiết lập màu của đường viền?,`border-style`,`border-width`,`border-color`,`border-radius`,c
HTML_CSS,"Thẻ HTML nào được sử dụng để định nghĩa các siêu dữ liệu nằm trong phần `<head>` của một tài liệu HTML, nhưng không hiển thị trên trang web?",`<meta>`,`<link>`,`<title>`,`<style>`,a
HTML_CSS,Đoạn mã HTML nào sau đây dùng để tạo một trường checkbox?,"`<input type=""text"">`","`<input type=""radio"">`","`<input type=""checkbox"">`",`<textarea>`,c
HTML_CSS,Thuộc tính CSS `display: none;` có tác dụng gì?,Hiển thị phần tử nhưng không chiếm không gian,Ẩn phần tử và không chiếm không gian,Ẩn phần tử nhưng vẫn chiếm không gian,Thay đổi màu sắc của phần tử,b
HTML_CSS,"Trong HTML, thẻ `<title>` được sử dụng để làm gì?",Định nghĩa tiêu đề chính của trang web,Chèn hình ảnh vào trang web,Định nghĩa tiêu đề của tab trình duyệt,Tạo một siêu liên kết,c
HTML_CSS,Thuộc tính CSS nào được sử dụng để điều chỉnh chiều cao của một phần tử?,`margin`,`padding`,`width`,`height`,d
HTML_CSS,Thẻ HTML nào được sử dụng để đánh dấu (highlight) một đoạn văn bản?,`<strong>`,`<em>`,`<mark>`,`<p>`,c
HTML_CSS,"Đoạn HTML nào sau đây tạo một biểu mẫu có phương thức gửi dữ liệu là ""POST"" đến địa chỉ ""form.php""?","`<form url=""form.php"" method=""get"">`","`<form action=""form.php"" method=""get"">`","`<form action=""form.php"" method=""post"">`","`<form method=""post"">`",c
HTML_CSS,Thuộc tính HTML nào được sử dụng để chỉ định chiều rộng của một hình ảnh?,`height`,`width`,`alt`,`src`,b
HTML_CSS,"Để nhúng một tệp CSS vào tài liệu HTML, bạn sử dụng thẻ nào?",`<script>`,`<link>`,`<style>`,`<meta>`,b
HTML_CSS,Đoạn mã HTML nào sau đây tạo ra một đoạn văn bản in đậm?,`<em>`,`<mark>`,`<strong>`,`<p>`,c
HTML_CSS,Thuộc tính CSS nào dùng để thiết lập lề cho tất cả các phía của một phần tử?,`padding-top`,`margin-left`,`padding`,`margin`,d
HTML_CSS,Thẻ HTML nào được sử dụng để chèn âm thanh vào trang web?,`<video>`,"`<img src="""">`",`<audio>`,`<source>`,c
HTML_CSS,Đoạn mã HTML nào sau đây tạo một hàng trong bảng?,`<tr>`,`<td>`,`<table>`,`<head>`,a
HTML_CSS,Thuộc tính CSS nào được sử dụng để thay đổi kích thước chữ?,`font-weight`,`font-family`,`font-size`,`color`,c
HTML_CSS,"Trong HTML, thẻ `<h1>` đến `<h6>` được sử dụng để làm gì?",Tạo danh sách không có thứ tự,Định nghĩa các tiêu đề (heading),Tạo các đoạn văn bản,Chèn hình ảnh,b
HTML_CSS,Đoạn mã HTML nào sau đây sử dụng đúng thẻ `<form>` để tạo một biểu mẫu?,"`<form> <input type=""text""> </form>`","`<input type=""text""> <form>  </form>`","`<form action=""example.php""> <input type=""text"" name=""username""> </form>`","`<form method=""post""> <p>Hello</p> </form>`",c
HTML_CSS,Thuộc tính CSS nào được sử dụng để điều chỉnh chiều rộng của một phần tử?,`width`,`height`,`margin`,`padding`,a
HTML_CSS,Thẻ HTML nào được sử dụng để liên kết đến một trang Stylesheet bên ngoài?,"`<link rel=""stylesheet"" href=""style.css"">`","`<style src=""style.css"">`","`<css src=""style.css"">`","`<script src=""style.css"">`",a
HTML_CSS,Đoạn mã HTML nào sau đây tạo ra một đoạn văn bản?,`<h1>`,`<h2>`,`<ul>`,`<p>`,d
HTML_CSS,Thuộc tính CSS nào được sử dụng để thay đổi khoảng cách giữa các chữ trong một đoạn văn bản?,`line-height`,`letter-spacing`,`word-spacing`,`text-align`,b
HTML_CSS,"Trong HTML, thuộc tính `target=""_blank""` của thẻ `<a>` có tác dụng gì?",Mở liên kết trong cùng một cửa sổ hoặc tab,Mở liên kết trong một cửa sổ hoặc tab mới,Tải liên kết về,Không có tác dụng gì,b
HTML_CSS,Đoạn mã HTML nào sau đây tạo ra một đoạn văn bản được gạch chân? (Lưu ý là không có thẻ nào có thể gạch chân trực tiếp),`<b>`,`<i>`,`<em>`,Không có đáp án nào đúng,d
HTML_CSS,Thuộc tính `border-width` có tác dụng gì?,Thiết lập màu sắc cho đường viền,"Thiết lập kiểu đường viền (ví dụ: solid, dashed, dotted)",Thiết lập độ dày của đường viền,Thiết lập khoảng cách giữa nội dung và đường viền,c
HTML_CSS,Thẻ HTML nào sau đây được sử dụng để xác định một mục trong danh sách có thứ tự?,`<ul>`,`<dl>`,`<li>`,`<ol>`,c
HTML_CSS,"Để nhúng một video từ YouTube vào trang web, bạn sử dụng thẻ nào?",`<video>`,`<audio>`,`<embed>`,`<iframe>`,d
HTML_CSS,Đoạn mã HTML cho một trường nhập liệu email là gì?,"`<input type=""email"" name=""email"">`","`<input type=""text"" name=""email"">`","`<input type=""password"" name=""email"">`","`<textarea name=""email""></textarea>`",a
HTML_CSS,Thuộc tính CSS `float` được sử dụng để làm gì?,Căn chỉnh văn bản theo chiều ngang.,Thay đổi màu nền.,Xác định vị trí của một phần tử theo chiều ngang (bên trái hoặc bên phải) và cho phép các phần tử khác bao quanh nó.,Thay đổi kích thước của một phần tử.,c
HTML_CSS,"Trong HTML, thuộc tính `rel=""stylesheet""` được sử dụng trong thẻ `<link>` để làm gì?",Liên kết đến một tệp JavaScript.,Liên kết đến một tệp CSS.,Chỉ định URL của hình ảnh.,Chỉ định tiêu đề của trang web.,b
HTML_CSS,Đoạn mã HTML nào sau đây là đúng để tạo một liên kết đến: `https://www.example.com`?,"`<a url=""https://www.example.com"">Example</a>`","`<link href=""https://www.example.com"">Example</link>`","`<a href=""https://www.example.com"">Example</a>`","`<a name=""https://www.example.com"">Example</a>`",c
HTML_CSS,Thuộc tính `box-sizing: border-box;` trong CSS có ý nghĩa gì?,Thay đổi cách hiển thị của các đường viền.,Thay đổi màu nền của hộp.,Bao gồm cả padding và border vào kích thước của phần tử.,Ẩn phần tử.,c
HTML_CSS,Thẻ HTML nào được sử dụng để nhóm các mục trong một danh sách mô tả?,`<ul>`,`<li>`,`<dl>`,`<ol>`,c
HTML_CSS,Đoạn mã HTML nào sau đây sẽ tạo ra một ô nhập liệu kiểu mật khẩu?,"`<input type=""password"" name=""password"">`","`<input type=""text"" name=""password"">`","`<textarea name=""password""></textarea>`","`<input value=""password"">`",a
HTML_CSS,Thuộc tính CSS `text-align` được sử dụng để làm gì?,Thay đổi phông chữ.,Thay đổi màu chữ.,Căn chỉnh văn bản theo chiều ngang.,Thiết lập khoảng cách giữa các dòng.,c
HTML_CSS,Thuộc tính `src` trong thẻ `<img>` dùng để làm gì?,Chỉ định văn bản thay thế cho hình ảnh.,Chỉ định chiều cao của hình ảnh.,Chỉ định đường dẫn đến hình ảnh.,Chỉ định tiêu đề của hình ảnh.,c
HTML_CSS,"Để tạo một phần tử HTML không hiển thị trên trang web (ẩn), bạn có thể sử dụng thuộc tính CSS nào?",`visibility: visible;`,`display: none;`,`opacity: 0;`,`color: transparent;`,b
HTML_CSS,Đoạn HTML nào sau đây tạo ra một thẻ `button`?,"`<input type=""submit"" value=""Submit"">`","`<input type=""button"">`",`<button>Click Me</button>`,"`<button type=""submit"">Click Me</input>`",c
HTML_CSS,"Trong HTML, thuộc tính `id` dùng để làm gì?",Xác định duy nhất một phần tử trên trang.,Xác định các phần tử có cùng kiểu.,Chỉ định đường dẫn đến một tệp CSS.,Chỉ định tiêu đề của trang.,a
HTML_CSS,Đoạn mã HTML nào sau đây tạo ra một tiêu đề cấp 2 (heading 2)?,`<h1>Hello</h1>`,`<h3>Hello</h3>`,`<h2>Hello</h2>`,`<p>Hello</p>`,c
HTML_CSS,Thuộc tính CSS `border-radius` được sử dụng để làm gì?,Thay đổi màu của đường viền.,"Thay đổi kiểu của đường viền (ví dụ: solid, dashed).",Tạo các góc bo tròn cho một phần tử.,Thay đổi độ dày của đường viền.,c
HTML_CSS,Thẻ HTML nào sau đây cho phép chèn một liên kết đến một trang web khác bên trong trang web hiện tại?,"`<img src=""""></img`","`<video src=""""></video>`","`<audio src=""""></audio>`","`<iframe src="""" width="""" height=""""></iframe>`",d
HTML_CSS,Phương thức HTTP nào được sử dụng để gửi dữ liệu một cách an toàn và không hiển thị dữ liệu trong URL?,GET,POST,PUT,DELETE,b
HTML_CSS,Đoạn mã CSS nào sau đây sẽ làm cho văn bản bên trong một phần tử `<div>` có màu xanh lam?,`div { color: blue; }`,`div { text-color: blue; }`,`div { color: #0000FF; }`,`div.color: blue;`,c
HTML_CSS,Đâu là thẻ HTML được sử dụng để nhúng một đoạn video vào trang web?,`<video>`,`<img>`,`<audio>`,`<movie>`,d
HTML_CSS,Thuộc tính nào của CSS được sử dụng để điều khiển khoảng cách giữa nội dung của một phần tử và đường viền của nó?,`margin`,`border`,`padding`,`space`,c
HTML_CSS,Đâu là thẻ HTML được sử dụng để tạo một bảng?,`<list>`,`<block>`,`<group>`,`<table>`,d
HTML_CSS,Thẻ HTML nào được sử dụng để xác định một liên kết?,`<link>`,`<href>`,"`<a href="""">`",`<anchor>`,c
HTML_CSS,Thuộc tính nào của thẻ `<meta>` được sử dụng để cung cấp thông tin về tác giả của trang web?,`content`,`author`,`description`,`name`,b
HTML_CSS,Đoạn mã HTML nào sau đây tạo ra một danh sách không có thứ tự với các dấu đầu dòng là hình vuông?,"`<ol type=""square"">...</ol>`","`<ul type=""circle"">...</ol>`","`<ol type=""disc"">...</ol>`","`<ul type=""square"">...</ol>`",d
HTML_CSS,Thuộc tính CSS nào được sử dụng để thay đổi kích thước phông chữ của một phần tử?,`font`,`text-size`,`size`,`font-size`,d
HTML_CSS,Thẻ HTML nào được sử dụng để tạo một tiêu đề cấp độ 2?,`<h1>`,`<h2>`,`<h3>`,`<title>`,b
HTML_CSS,Thuộc tính `target` của thẻ `<a>` với giá trị nào sẽ mở liên kết trong một tab hoặc cửa sổ trình duyệt mới?,"`target=""_self""`","`target=""_parent""`","`target=""_top""`","`target=""_blank""`",d
HTML_CSS,Thuộc tính `type` nào của thẻ `<input>` được sử dụng để tạo một trường cho phép người dùng nhập địa chỉ email?,`email`,`text`,`password`,`url`,a
HTML_CSS,Thuộc tính CSS `display: none;` có tác dụng gì?,Ẩn phần tử nhưng vẫn chiếm không gian,Ẩn phần tử và không chiếm không gian,Hiển thị phần tử dưới dạng khối,Hiển thị phần tử dưới dạng nội tuyến,b
HTML_CSS,Thẻ HTML nào thường được sử dụng để đánh dấu văn bản quan trọng?,`<italic>`,`<strong>`,`<mark>`,`<bold>`,b
HTML_CSS,Đâu là cú pháp CSS đúng để thay đổi màu chữ của tất cả các thẻ `<h1>` thành màu đỏ?,`h1.color = red;`,`h1 { text-color: red; }`,`h1 { color-text: red; }`,`h1 { color: red; }`,d
HTML_CSS,"Để chèn một liên kết đến một tệp CSS bên ngoài, bạn sẽ sử dụng thẻ HTML nào?",`<style>`,`<link>`,`<script>`,`<css>`,b
HTML_CSS,Thẻ `<img>` có thuộc tính nào để xác định chiều rộng của hình ảnh?,`length`,`width`,`height`,`size`,b
HTML_CSS,Thuộc tính `border-style` với giá trị nào sẽ tạo ra một đường viền chấm chấm?,`dotted`,`solid`,`dashed`,`double`,a
HTML_CSS,"Để thêm một chú thích cho một hình ảnh, bạn sử dụng thẻ HTML nào?",`<comment>`,`<caption>`,`alt`,`<title>`,c
HTML_CSS,Đoạn mã HTML nào sau đây là đúng để nhúng một trang web khác vào trang hiện tại?,"`<embed src=""url"">`","`<iframe src=""url""></iframe>`","`<frame src=""url"">`","`<object src=""url""></object>`",b
HTML_CSS,Làm thế nào để bạn tạo một liên kết neo đến một phần cụ thể trong trang web của bạn?,"Sử dụng `<a href=""url"">`","Sử dụng `<a name=""anchor"">`",Kết hợp  cả `<a>` và `id`,Chỉ sử dụng `id`,c
HTML_CSS,Thuộc tính CSS nào được sử dụng để điều khiển khoảng trắng xung quanh một phần tử bên ngoài đường viền của nó?,`padding`,`margin`,`spacing`,`border`,b
HTML_CSS,"Đoạn mã HTML nào sau đây sẽ chèn một video có sẵn điều khiển phát, tạm dừng?","`<video src=""movie.mp4"">`","`<video src=""movie.mp4"" controls></video>`","`<video controls=""true"">movie.mp4</video>`",`<video>movie.mp4</video>`,b
HTML_CSS,Đâu là thẻ HTML được sử dụng để đánh dấu văn bản bằng màu vàng?,`<b>`,`<i>`,`<em>`,`<mark>`,d
HTML_CSS,Thuộc tính nào của thẻ `<form>` xác định phương thức gửi dữ liệu đến server?,`src`,`method`,`action`,`name`,b
HTML_CSS,Làm thế nào để thay đổi kích thước của font chữ trong CSS thành 20px?,`font: 20px;`,`text-size: 20px;`,`font-size: 20px;`,`size: 20px;`,c
HTML_CSS,Thuộc tính nào của CSS dùng để thiết lập kiểu chữ cho một phần tử?,`font-style`,`text-style`,`text-family`,`font-family`,d
HTML_CSS,Thẻ HTML nào được sử dụng để xác định các mục trong một danh sách có thứ tự?,`<ul>`,`<list>`,`<li>`,`<ol>`,c
HTML_CSS,Giá trị nào của thuộc tính `border-style` sẽ tạo một đường viền đôi?,`dashed`,`double`,`solid`,`dotted`,b
HTML_CSS,Đoạn mã CSS nào sau đây sẽ làm cho chữ viết bên trong một phần tử `<p>` in nghiêng?,`p { font: italic; }`,`p { text-style: italic; }`,`p { font-style: italic; }`,`p { style: italic; }`,c
HTML_CSS,"Trong HTML, thuộc tính nào được sử dụng để cung cấp một liên kết đến bảng định kiểu (stylesheet)?",`rel`,`src`,`href`,`style`,a
HTML_CSS,Thuộc tính nào của thẻ `<ol>` xác định số bắt đầu của danh sách?,`type`,`start`,`begin`,`count`,b
HTML_CSS,Làm thế nào để thay đổi màu sắc của một liên kết khi con trỏ chuột di vào?,`a hover { color: ...; }`,`a:hover { color: ...; }`,`a { hover-color: ...; }`,`hover a { color: ...; }`,b
HTML_CSS,Bạn sử dụng thuộc tính `width` của thẻ `<img>` để làm gì?,Xác định đường dẫn đến hình ảnh.,Xác định văn bản thay thế nếu hình ảnh không hiển thị.,Đặt chiều rộng của hình ảnh.,Thiết lập chiều cao của hình ảnh.,c
HTML_CSS,Đâu là thẻ HTML dùng để tạo một hàng trong bảng?,`<th>`,`<tr>`,`<td>`,`<row>`,b
HTML_CSS,Đâu là thẻ HTML được sử dụng để nhúng âm thanh vào trang web?,`<sound>`,`<img>`,`<video>`,`<audio>`,d
HTML_CSS,"Để liên kết một tệp CSS bên ngoài vào một trang HTML, bạn sử dụng thẻ nào?",`<style>`,`<link>`,`<script>`,`<css>`,b
HTML_CSS,Thuộc tính nào của CSS được sử dụng để điều khiển khoảng cách giữa các dòng chữ?,`letter-spacing`,`word-spacing`,`line-height`,`text-spacing`,c
HTML_CSS,Thuộc tính nào của thẻ `<input>` được sử dụng để tạo ra một nút gửi biểu mẫu?,"`type=""text""`","`type=""reset""`","`type=""submit""`","`name=""submit""`",c
HTML_CSS,"Trong đoạn mã HTML, đâu là cách đúng để sử dụng đánh dấu văn bản in nghiêng?",`<bold>Đây là chữ in nghiêng</bold>`,`<strong>Đây là chữ in nghiêng</strong>`,`<em>Đây là chữ in nghiêng</em>`,`<italic>Đây là chữ in nghiêng</italic>`,c
HTML_CSS,"Đoạn mã nào sau đây hiển thị một bảng có một hàng và một cột chứa chữ ""Dữ Liệu""?",`<table><tr><td>Bảng</td></tr></table>`,`<table><td>Dữ Liệu</td></tr></table>`,`<table><tr><td>Dữ Liệu</td></tr></table>`,`<table><tr><td>Bảng Dữ Liệu</td></tr></table>`,c
HTML_CSS,"Để tạo một danh sách không có thứ tự, bạn sử dụng thẻ HTML nào?",`<ol>`,`<ul>`,`<li>`,`<list>`,b
HTML_CSS,Thuộc tính CSS nào được sử dụng để thay đổi độ đậm nhạt của chữ?,`font-weight`,`text-weight`,`style-weight`,`font-bold`,a
HTML_CSS,Thuộc tính `action` của thẻ `<form>` chỉ định điều gì?,Dữ liệu của biểu mẫu sẽ được hiển thị ở đâu.,ID của biểu mẫu.,URL mà dữ liệu biểu mẫu sẽ được gửi đến.,Tên của biểu mẫu.,c
HTML_CSS,"Để thiết lập đường viền cho một phần tử, bạn sử dụng thuộc tính CSS nào?",`edge`,`boundary`,`frame`,`border`,d
HTML_CSS,"Đoạn mã HTML nào sau đây tạo ra một liên kết mà khi nhấp vào sẽ chuyển đến một phần có ID là ""Topic1"" trên cùng một trang?","`<a href=""#Topic1""> Liên kết </a>`","`<a id=""Topic1""> Liên kết </a>`","`<a href=""#Topic1""> Liên kết </a> <h2 id=""Topic1"">...</h2>`","`<a name=""Topic1""> Liên kết </a>`",c
HTML_CSS,Thuộc tính nào sau đây được sử dụng để xác định tiêu đề của một trang web?,`<title>`,`<heading>`,`<head>`,`<h1>`,a
HTML_CSS,"Để tạo một danh sách có thứ tự, bạn sử dụng thẻ HTML nào?",`<ol>`,`<ul>`,`<li>`,`<list>`,a
HTML_CSS,Thuộc tính CSS nào dùng để kiểm soát khoảng cách giữa các phần tử?,`spacing`,`border`,`padding`,`margin`,d
HTML_CSS,Đoạn mã HTML nào sau đây sẽ hiển thị một ô văn bản để người dùng nhập vào?,`<textarea>`,"`<input type=""text"">`",`<text>`,"`<input type=""area"">`",b
HTML_CSS,Đâu là thẻ HTML dùng để tạo ra một đoạn văn bản?,`<h1>`,`<h2>`,`<p>`,`<div>`,c
HTML_CSS,Bạn muốn đặt màu nền của một phần tử HTML thành màu đỏ. Bạn sẽ sử dụng thuộc tính CSS nào?,`background-color: red;`,`text-color: red;`,`color: red;`,`bg-color: red;`,a
HTML_CSS,Đâu là thẻ HTML được sử dụng để hiển thị một tiêu đề cấp 1 (quan trọng nhất)?,`<h1>`,`<h2>`,`<h3>`,`<title>`,a
HTML_CSS,"Để tạo một danh sách các mục, bạn sử dụng thẻ HTML nào để xác định từng mục danh sách?",`<ul>`,`<ol>`,`<listitem>`,`<li>`,d
HTML_CSS,"Để nhúng một trang web khác vào trang hiện tại của bạn, bạn sử dụng thẻ HTML nào?",`<frame>`,`<embed>`,`<iframe>`,`<object>`,c
HTML_CSS,"Để xác định màu chữ cho một phần tử, bạn sẽ sử dụng thuộc tính CSS nào?",`color`,`font-color`,`text-color`,`fg-color`,a
HTML_CSS,Thuộc tính nào của CSS cho phép bạn làm cho một phần tử không hiển thị trên trang?,`visibility: hidden;`,`display: show;`,`display: none;`,`hidden: true;`,c
HTML_CSS,"Nếu bạn muốn tạo một liên kết email, bạn sẽ sử dụng thuộc tính `href` với giá trị nào?","`href=""url""`","`href=""link""`","`href=""email""`","`href=""mailto:email@example.com""`",d
HTML_CSS,Bạn muốn tạo một phần tử HTML có chiều rộng là 200px. Bạn sẽ sử dụng thuộc tính CSS nào?,`height: 200px;`,`margin: 200px;`,`width: 200px;`,`size: 200px;`,c
HTML_CSS,Đâu là thẻ HTML để tạo một vùng nhập văn bản nhiều dòng?,"`<input type=""text"">`","`<input type=""textarea"">`",`<textarea>`,`<text>`,c
HTML_CSS,"Nếu bạn muốn liên kết đến một tệp CSS có tên là ""style.css"", bạn sẽ sử dụng thẻ HTML nào?","`<style src=""style.css"">`","`<css href=""style.css"">`","`<link rel=""stylesheet""  href=""style.css"">`","`<script src=""style.css"">`",c
DaoDuc,"Trong một buổi sinh hoạt lớp trực tuyến, bạn H nhận thấy một số bạn học khác liên tục đăng tải những bình luận khiếm nhã, chế giễu một bạn trong lớp. Mặc dù đã được nhắc nhở bởi giáo viên, tình trạng này vẫn tiếp diễn, thậm chí còn lan rộng ra các nhóm chat khác của lớp. Hành vi của các bạn học này có thể bị xử lý như thế nào theo quy định pháp luật hiện hành, và bạn H nên làm gì để giúp bạn học của mình?","Tỏ ra thờ ơ vì cho rằng đó là ""chuyện thường"" trên mạng xã hội, không cần thiết phải can thiệp.","Tham gia vào các bình luận để phản bác lại những người đã có hành vi khiếm nhã, bảo vệ bạn mình bằng cách đôi co trên mạng.","Ghi lại bằng chứng về các hành vi đó, báo cáo với giáo viên chủ nhiệm hoặc Ban Giám hiệu nhà trường, đồng thời động viên bạn mình không để tâm đến những lời lẽ tiêu cực.",Chia sẻ những bình luận đó lên trang cá nhân để mọi người cùng lên án.,c
DaoDuc,"Bạn T, một học sinh cấp 3, phát hiện ra một trang web chia sẻ tài liệu học tập miễn phí, bao gồm cả những bài giảng và tài liệu do các giáo viên biên soạn. Bạn T nhận thấy một số tài liệu này có dấu hiệu vi phạm bản quyền, nhưng lại rất hữu ích cho việc học của mình. Hành động nào sau đây là phù hợp với đạo đức và pháp luật về quyền tác giả trong trường hợp này?","Tải về và sử dụng tất cả các tài liệu, vì chúng được cung cấp miễn phí.","Chia sẻ đường link của trang web này lên mạng xã hội để bạn bè cùng sử dụng, đồng thời bỏ qua các thông tin về bản quyền.","Gửi email cho người quản trị trang web để báo cáo về những tài liệu có dấu hiệu vi phạm bản quyền, đồng thời không sử dụng các tài liệu đó.","Chỉ sử dụng những tài liệu không vi phạm bản quyền, đồng thời tìm kiếm các nguồn tài liệu hợp pháp khác để phục vụ cho việc học tập.",d
DaoDuc,"Trong một dự án nhóm, bạn M được giao nhiệm vụ tìm kiếm thông tin và hình ảnh trên internet để minh họa cho bài thuyết trình. Bạn M tìm thấy một bức ảnh rất đẹp và phù hợp với nội dung của bài thuyết trình. Mặc dù không rõ nguồn gốc của bức ảnh cũng như ai là tác giả, bạn M vẫn quyết định sử dụng bức ảnh này trong bài thuyết trình của mình mà không xin phép. Hành vi của bạn M có vi phạm đến vấn đề nào sau đây, và bạn M nên làm gì?","Vi phạm quyền riêng tư, nên gỡ bỏ ảnh ngay lập tức và thay thế bằng ảnh khác.","Vi phạm đạo đức, nên xin lỗi người đã đăng tải bức ảnh.",Không vi phạm gì cả vì ảnh trên Internet là miễn phí.,"Vi phạm quyền tác giả, nên tìm kiếm thông tin về tác giả của bức ảnh và xin phép sử dụng, hoặc tìm kiếm ảnh có bản quyền rõ ràng.",d
DaoDuc,"Bạn N vô tình đọc được một tin nhắn riêng tư của một người bạn trong lớp, trong đó người bạn này kể xấu về một người khác. Bạn N cảm thấy rất tò mò và muốn chia sẻ tin nhắn này với những người bạn khác trong lớp để ""tám"" chuyện. Tuy nhiên, bạn N hiểu rằng việc làm này có thể gây ra những hậu quả tiêu cực. Theo bạn, hành động nào sau đây là thể hiện sự ứng xử văn hóa và có tính nhân văn nhất trong môi trường số đối với bạn N?","Chia sẻ tin nhắn với một vài người bạn thân thiết để cùng bàn luận, vì ""chuyện này ai cũng tò mò"".",Chụp ảnh màn hình tin nhắn và đăng tải lên mạng xã hội để mọi người cùng xem.,"Xóa tin nhắn và không nhắc đến chuyện này với bất kỳ ai, tôn trọng quyền riêng tư của người khác.",Chủ động hỏi người bạn kia về nội dung tin nhắn và chia sẻ lại với mọi người.,c
DaoDuc,"Bạn Q, một học sinh cấp 3, nhận được một tin nhắn từ một người lạ trên mạng xã hội, trong đó người này tự xưng là ""người quen"" và yêu cầu bạn cung cấp thông tin cá nhân, bao gồm số điện thoại, địa chỉ nhà và tài khoản ngân hàng. Người lạ này còn hứa hẹn sẽ gửi tặng bạn một món quà giá trị. Bạn Q nên làm gì để đảm bảo an toàn cho bản thân trong tình huống này và đâu là dấu hiệu nhận biết của hành vi lừa đảo trên mạng?","Tin tưởng và cung cấp thông tin, vì biết đâu đây là cơ hội tốt.","Bật cười và bỏ qua tin nhắn, vì cho rằng đây chỉ là trò đùa.","Cảnh giác, không cung cấp bất kỳ thông tin cá nhân nào, đồng thời báo cáo với người lớn hoặc cơ quan chức năng nếu cần thiết.",Cung cấp thông tin nhưng yêu cầu người đó gửi quà trước.,c
DaoDuc,"Trong một buổi thảo luận trực tuyến về một vấn đề gây tranh cãi, bạn X nhận thấy một số người tham gia liên tục sử dụng những lời lẽ công kích, chửi bới, xúc phạm lẫn nhau. Bạn X cảm thấy khó chịu và muốn góp ý để cuộc thảo luận diễn ra một cách văn minh, lịch sự hơn. Vậy, bạn X nên chọn cách ứng xử nào sau đây, tuân thủ quy tắc ứng xử trên mạng xã hội được Bộ TT&TT ban hành vào ngày 17/6/2021?","Tham gia vào cuộc tranh cãi, sử dụng những lời lẽ tương tự để ""ăn miếng trả miếng""","Tắt mic và không tham gia vào cuộc thảo luận nữa, vì cho rằng việc này là vô ích.","Lên tiếng nhắc nhở mọi người về việc sử dụng ngôn ngữ lịch sự, tôn trọng lẫn nhau, đồng thời cung cấp thông tin kiểm chứng.","Báo cáo với người quản trị diễn đàn về những hành vi vi phạm quy tắc ứng xử, đồng thời cung cấp các bằng chứng cụ thể.",d
DaoDuc,"Bạn P chia sẻ một bài viết trên trang cá nhân của mình lên án một hành vi tiêu cực trong xã hội. Bài viết này thu hút được nhiều sự quan tâm và chia sẻ từ cộng đồng mạng. Tuy nhiên, một số người lại bình luận, cho rằng thông tin trong bài viết là sai sự thật và vu khống. Bạn P cần làm gì để bảo vệ uy tín của bản thân và thông tin mình đã chia sẻ, đồng thời vẫn tuân thủ các quy định của pháp luật và chuẩn mực đạo đức trên không gian mạng?",Xóa bài viết và khóa trang cá nhân để tránh bị tấn công.,"Kiểm tra lại nguồn tin, cung cấp các bằng chứng xác thực, và sẵn sàng đối thoại một cách văn minh, lịch sự với những người có ý kiến trái chiều.","Chửi bới, phản bác lại những người có ý kiến trái chiều để bảo vệ quan điểm của mình.","Im lặng và bỏ qua tất cả các bình luận, vì cho rằng việc giải thích là không cần thiết.",b
DaoDuc,"Một người bạn của bạn, A, đăng tải một bức ảnh tự sướng lên trang cá nhân và nhận được nhiều lời khen ngợi. Tuy nhiên, bạn phát hiện ra rằng, A đã sử dụng một ứng dụng chỉnh sửa ảnh để làm cho mình trở nên xinh đẹp hơn so với thực tế. Bạn B đã comment ảnh, khen ảnh đẹp và còn hỏi A bí quyết để có được những bức ảnh đẹp như vậy. Theo bạn, B nên ứng xử như thế nào để thể hiện sự tôn trọng với A và sự ứng xử chuẩn mực trên không gian mạng?","Không bình luận để tránh làm A mất mặt, vì biết A đã dùng app chỉnh sửa.","Chê bai thẳng thắn, nói rằng A đã lạm dụng app chỉnh sửa, khiến ảnh không còn chân thực.","Viết các bình luận khiếm khuyết, không có gì liên quan đến bức ảnh.","Tiếp tục bình luận khen ngợi, đồng thời khích lệ A tự tin thể hiện con người thật của mình.",d
DaoDuc,"Bạn S đang tham gia một cuộc thi viết luận trực tuyến. Bạn S phát hiện ra một bài viết trên mạng có nội dung tương tự như bài viết mà bạn vừa hoàn thành. Bạn S có nên sao chép một phần nội dung từ bài viết đó và chỉnh sửa lại một chút để nộp cho cuộc thi không? Hành vi này có vi phạm đến vấn đề nào, và bạn S nên làm gì?","Sao chép và chỉnh sửa là một cách tiết kiệm thời gian, không vi phạm gì cả.",Sao chép một phần nhỏ rồi trích dẫn nguồn là được.,"Hành vi này vi phạm quyền tác giả, bạn S nên tự viết bài luận của mình dựa trên kiến thức và kinh nghiệm cá nhân.","Không sao chép, mà chỉ lấy ý tưởng của bài viết kia để viết lại bài của mình.",c
DaoDuc,"Bạn K thấy một tài khoản trên mạng xã hội đăng tải thông tin sai lệch về tình hình dịch bệnh, gây hoang mang trong dư luận. Bạn K phân vân không biết nên làm gì. Bạn nên hành động ra sao để thể hiện trách nhiệm công dân và tuân thủ đúng theo bộ quy tắc ứng xử trên mạng xã hội do Bộ TT&TT ban hành?",Chia sẻ lại bài viết đó để cảnh báo cho bạn bè và người thân.,Bỏ qua vì cho rằng việc này không liên quan đến mình.,Báo cáo thông tin sai lệch với cơ quan chức năng hoặc các trang thông tin chính thống để được xử lý.,Để lại bình luận chỉ trích người đăng tải thông tin sai lệch.,c
DaoDuc,"Trong một nhóm chat của lớp, một bạn học đăng tải những hình ảnh và video mang tính chất bạo lực, đồi trụy. Những nội dung này gây ra sự khó chịu và lo lắng cho các thành viên khác trong nhóm, vậy bạn cần làm gì để thể hiện sự ứng xử văn minh và bảo vệ bản thân cũng như những người xung quanh?",Tham gia chia sẻ các nội dung tương tự để hòa nhập với nhóm.,Rời khỏi nhóm chat và không quan tâm đến những gì đang diễn ra.,"Phản ánh với giáo viên chủ nhiệm hoặc người quản trị nhóm, đồng thời báo cáo với cơ quan chức năng nếu cần thiết.",Chửi bới và lên án người đăng tải những nội dung xấu.,c
DaoDuc,"Bạn M nhận được một email từ một người tự xưng là đại diện của một công ty lớn, thông báo rằng bạn đã trúng thưởng một số tiền lớn. Kèm theo đó là yêu cầu bạn cung cấp thông tin cá nhân và số tài khoản để nhận thưởng. Bạn M nên làm gì trong tình huống này để bảo vệ mình khỏi nguy cơ lừa đảo?",Cung cấp đầy đủ thông tin để nhận thưởng nhanh chóng.,Chia sẻ thông tin về giải thưởng lên mạng xã hội.,"Cảnh giác, kiểm tra kỹ thông tin về công ty, không cung cấp bất kỳ thông tin cá nhân nào và liên hệ trực tiếp với công ty để xác minh.",Chia sẻ thông tin và hỏi ý kiến bạn bè để cùng nhau nhận thưởng.,c
DaoDuc,"Bạn H là một người có ảnh hưởng trên mạng xã hội, thường xuyên chia sẻ những thông tin và quan điểm của mình về các vấn đề xã hội. Một ngày nọ, bạn H đăng tải một bài viết với nội dung gây tranh cãi và nhận được nhiều ý kiến trái chiều từ cộng đồng mạng. Bạn H nên ứng xử như thế nào để thể hiện trách nhiệm của một người có tầm ảnh hưởng và duy trì sự tôn trọng trong giao tiếp trên không gian mạng?",Xóa bài viết và khóa trang cá nhân để tránh bị chỉ trích.,"Bỏ mặc những bình luận trái chiều, vì cho rằng ý kiến của mình là đúng.","Lắng nghe, tiếp thu những ý kiến đóng góp, giải thích rõ ràng về quan điểm của mình và sẵn sàng thay đổi nếu cần thiết.","Chửi bới, đáp trả những người có ý kiến trái chiều.",c
DaoDuc,"Bạn L, một học sinh cấp 3, muốn sử dụng một bài hát nổi tiếng làm nhạc nền cho video của mình đăng tải lên YouTube. Bạn L cần làm gì để đảm bảo tuân thủ pháp luật về quyền tác giả và quyền liên quan?","Sử dụng bài hát mà không cần xin phép, vì cho rằng đó là quyền tự do sáng tạo của mình.","Tìm hiểu thông tin về bản quyền của bài hát, xin phép tác giả hoặc người nắm giữ bản quyền nếu cần thiết, hoặc sử dụng những bài hát có giấy phép sử dụng hợp lệ.",Tải bài hát từ các trang web không rõ nguồn gốc và sử dụng thoải mái.,Chỉ sử dụng một đoạn ngắn của bài hát để tránh vi phạm bản quyền.,b
DaoDuc,"Bạn A và bạn B là hai người bạn thân thiết, cùng nhau xây dựng một trang web chia sẻ kiến thức. Tuy nhiên, giữa hai bạn xảy ra mâu thuẫn về việc phân chia lợi nhuận từ trang web. Nếu không có sự thỏa thuận trước về vấn đề này, ai sẽ là người được hưởng lợi nhiều hơn trong tình huống này?",Người có nhiều đóng góp hơn về nội dung.,Người có nhiều kỹ năng về công nghệ.,Việc phân chia lợi nhuận sẽ phụ thuộc vào các quy định của pháp luật và thỏa thuận giữa hai bên.,Người có nhiều kinh nghiệm hơn trong việc quản lý trang web.,c
DaoDuc,"Trong một diễn đàn trực tuyến, bạn gặp một người có những ý kiến trái chiều về một vấn đề nào đó. Thay vì tranh cãi, bạn muốn tìm hiểu thêm về quan điểm của người này. Bạn nên ứng xử như thế nào để duy trì một cuộc trao đổi văn minh và có hiệu quả?",Áp đặt quan điểm của mình lên người khác.,Cắt ngang lời người khác để khẳng định quan điểm của mình.,"Lắng nghe, đặt câu hỏi để hiểu rõ hơn về quan điểm của người khác, đồng thời trình bày quan điểm của bạn một cách lịch sự và tôn trọng.",Tránh xa và im lặng.,c
DaoDuc,"Bạn C, một học sinh cấp 3, nhìn thấy một người đăng tải thông tin sai lệch về bạn mình trên mạng xã hội, làm ảnh hưởng đến danh dự và uy tín của bạn. Bạn C nên làm gì để bảo vệ quyền lợi của mình và xử lý tình huống này một cách hợp lý?",Tìm cách trả thù người đã đăng tải thông tin sai lệch.,Chia sẻ thông tin sai lệch với người khác để mọi người cùng biết.,"Thu thập bằng chứng về thông tin sai lệch, liên hệ với người đăng tải để yêu cầu gỡ bỏ thông tin, hoặc báo cáo với cơ quan chức năng nếu cần thiết.","Bỏ qua, vì cho rằng việc tranh cãi là vô ích.",c
DaoDuc,"Trong một cuộc thi trực tuyến, bạn nhận thấy một thí sinh khác có dấu hiệu gian lận, chẳng hạn như sử dụng tài liệu hoặc nhờ người khác làm bài thay. Bạn cần làm gì để đảm bảo tính công bằng của cuộc thi và duy trì sự trung thực?","Làm ngơ, vì cho rằng việc này không ảnh hưởng đến kết quả của mình.",Cố gắng tìm cách gian lận để đạt kết quả cao hơn.,"Báo cáo với ban tổ chức về hành vi gian lận của thí sinh đó, đồng thời cung cấp các bằng chứng cụ thể.",Nhắc nhở và cảnh cáo thí sinh đó.,c
DaoDuc,"Bạn D phát hiện một website giả mạo một tổ chức uy tín để lừa đảo người dùng, bằng cách yêu cầu cung cấp thông tin cá nhân và tài khoản ngân hàng. Bạn phải làm gì để bảo vệ người khác và giúp cơ quan chức năng ngăn chặn hành vi lừa đảo này?",Báo cáo thông tin cho bạn bè và người thân để cảnh giác.,Báo cáo với cơ quan chức năng như lực lượng an ninh mạng hoặc các tổ chức chuyên trách về an toàn thông tin.,Chia sẻ thông tin trên mạng xã hội để cảnh báo mọi người.,Cả b và c.,b
DaoDuc,"Bạn E nhận được một tin nhắn từ một người bạn, trong đó người này chia sẻ một liên kết đến một trang web có nội dung đồi trụy, bạo lực. Bạn nên làm gì trong tình huống này?",Truy cập vào trang web để xem nội dung giải trí.,Chia sẻ liên kết cho bạn bè khác cùng xem.,"Nhắc nhở bạn bè về việc không nên chia sẻ những nội dung xấu, đồng thời báo cáo với cơ quan chức năng nếu cần thiết.",Để lại lời chê bai cho bạn của mình.,c
DaoDuc,Bạn F là một người có sức ảnh hưởng trên mạng xã hội. Bạn nhận được một lời đề nghị quảng cáo cho một sản phẩm mà bạn chưa từng sử dụng và không có thông tin xác thực về chất lượng. Bạn nên làm gì để đảm bảo uy tín của bản thân và bảo vệ quyền lợi của người tiêu dùng?,Quảng cáo sản phẩm vì đây là cơ hội kiếm tiền.,Chỉ quảng cáo và không cần kiểm tra chất lượng sản phẩm.,"Tìm hiểu kỹ về sản phẩm, sử dụng thử trước khi quảng cáo, và công khai thông tin về việc quảng cáo.",Từ chối quảng cáo vì không muốn mất công sức.,c
DaoDuc,Bạn G sử dụng hình ảnh của một người nổi tiếng để minh họa cho một bài viết trên blog cá nhân của mình mà không xin phép. Hành vi này có vi phạm quyền nào và bạn nên làm gì để sửa chữa sai sót?,"Vi phạm quyền riêng tư, cần xóa bỏ ảnh.","Vi phạm quyền được bảo vệ danh dự, cần gỡ bỏ ảnh.","Vi phạm quyền tác giả, cần xóa bỏ ảnh và xin lỗi nếu cần.",Không vi phạm quyền gì cả.,c
DaoDuc,"Bạn H đang soạn thảo một bài viết về một vấn đề nhạy cảm trên mạng. Trong quá trình viết, bạn H muốn sử dụng một đoạn trích dẫn từ một nguồn khác. Bạn cần thực hiện những thao tác nào để đảm bảo tuân thủ quyền tác giả và đạo đức trong việc sử dụng thông tin?",Chỉ cần trích dẫn mà không cần ghi rõ nguồn gốc.,Sao chép nguyên văn đoạn trích dẫn và không cần trích dẫn nguồn.,"Trích dẫn đầy đủ nguồn gốc của đoạn trích dẫn, bao gồm tên tác giả, tên tác phẩm, và thời gian xuất bản.",Thay đổi một vài từ trong đoạn trích dẫn để tránh bị phát hiện.,c
DaoDuc,"Bạn I nhận thấy một số bạn cùng lớp chia sẻ những thông tin tiêu cực, bạo lực trên các nhóm chat của lớp, điều này gây ảnh hưởng đến tâm lý và sự an toàn của các bạn khác. Bạn nên làm gì để ứng xử văn minh và có trách nhiệm với cộng đồng?",Tham gia chia sẻ và cổ vũ những hành vi đó.,Bỏ qua và không quan tâm đến những gì đang diễn ra.,"Góp ý, nhắc nhở các bạn về việc chia sẻ những thông tin tích cực, xây dựng, đồng thời báo cáo vi phạm nếu cần thiết.",Rời khỏi nhóm chat vì cho rằng tình hình đã vượt quá tầm kiểm soát.,c
DaoDuc,Bạn J muốn chia sẻ một bài viết hữu ích trên mạng xã hội để lan tỏa những thông tin tích cực. Bạn cần lưu ý điều gì để đảm bảo bài đăng của mình tuân thủ các quy định của pháp luật và chuẩn mực đạo đức?,Chỉ cần chia sẻ mà không cần kiểm tra tính chính xác của thông tin.,Chia sẻ thông tin một cách quá đà để thu hút sự chú ý.,"Kiểm tra nguồn gốc và tính xác thực của thông tin, chia sẻ thông tin một cách khách quan, tôn trọng sự khác biệt và tránh gây hiểu lầm.",Chia sẻ thông tin tiêu cực để thu hút sự quan tâm.,c
DaoDuc,Bạn K phát hiện một phần mềm hoặc ứng dụng có thể giúp bản thân hack vào tài khoản của người khác. Bạn K có nên sử dụng phần mềm này không?,"Có, vì việc này có thể giúp bạn biết được thông tin cá nhân của người khác.","Có, vì việc này sẽ giúp bạn có lợi thế trong các trò chơi trực tuyến.","Không, vì hành vi này vi phạm pháp luật và đạo đức, gây ảnh hưởng đến quyền riêng tư và an toàn thông tin của người khác.","Có, nếu bạn sử dụng phần mềm để trêu đùa bạn bè.",c
DaoDuc,Bạn L thấy một người đăng tải những hình ảnh riêng tư của bạn mình lên mạng mà không được sự cho phép của bạn mình. Bạn nên làm gì?,Chia sẻ lại những hình ảnh này.,Bỏ qua vì việc này không liên quan đến mình.,Báo cáo với người quản trị trang mạng hoặc cơ quan chức năng để yêu cầu gỡ bỏ hình ảnh.,Tham gia vào các bình luận để chỉ trích người đã đăng tải hình ảnh.,c
DaoDuc,Bạn M muốn tạo ra một video trên YouTube và sử dụng một đoạn nhạc nền do người khác sáng tác. Bạn nên làm gì để đảm bảo tuân thủ luật pháp về bản quyền?,Sử dụng thoải mái không cần xin phép vì đây là trang web chia sẻ video.,"Xin phép tác giả hoặc người nắm giữ bản quyền của đoạn nhạc, hoặc sử dụng các bài nhạc có giấy phép sử dụng hợp lệ.",Thay đổi một chút đoạn nhạc để qua mặt bản quyền.,Sử dụng đoạn nhạc và chờ đợi xem có bị khiếu nại hay không.,b
DaoDuc,Bạn N nhận được một lời mời kết bạn từ một người lạ trên mạng xã hội. Bạn cần làm gì để đảm bảo an toàn cho bản thân?,Chấp nhận ngay lập tức để có thêm bạn bè.,Tìm hiểu thông tin cá nhân của người đó.,"Cảnh giác, xem xét kỹ thông tin cá nhân, các bài đăng, bạn bè chung trước khi chấp nhận hoặc từ chối lời mời.",Kể cho mọi người xung quanh về việc này.,c
DaoDuc,"Trong một cuộc tranh luận trực tuyến, bạn nhận thấy một người dùng liên tục sử dụng những lời lẽ xúc phạm, tấn công cá nhân đối với người khác. Hành vi này có vi phạm quy tắc ứng xử nào được quy định trong bộ Quy tắc ứng xử trên mạng xã hội do Bộ TT&TT ban hành?",Vi phạm quy tắc về việc bảo vệ thông tin cá nhân.,Vi phạm quy tắc về việc tôn trọng quyền riêng tư.,"Vi phạm quy tắc về việc sử dụng ngôn ngữ lịch sự, tôn trọng người khác và tránh gây thù hằn.",Không vi phạm bất kỳ quy tắc nào.,c
DaoDuc,"Bạn Hằng, một học sinh cấp 3, đang viết một bài luận văn về lịch sử Việt Nam. Trong quá trình nghiên cứu, Hằng tìm thấy một bài viết trên mạng có nội dung rất phù hợp với đề tài của mình. Cô quyết định sao chép và dán toàn bộ bài viết vào luận văn của mình mà không hề trích dẫn nguồn. Hành động này của Hằng có vi phạm quy định nào về quyền tác giả và đạo đức nghề nghiệp không, và nếu có thì hậu quả có thể là gì?",Không vi phạm vì thông tin trên mạng là tài nguyên công cộng.,"Vi phạm quyền tác giả và đạo đức, có thể bị điểm kém hoặc bị buộc thôi học.","Vi phạm quyền tác giả, đạo đức và có thể bị coi là đạo văn, gây ảnh hưởng đến uy tín và kết quả học tập.",Chỉ vi phạm đạo đức nếu bài viết được xuất bản.,c
DaoDuc,"Trong một buổi thảo luận trực tuyến trên lớp, bạn Minh thấy bạn Lan đưa ra một ý kiến sai lệch về một vấn đề lịch sử. Minh biết rằng bạn Lan đã đọc thông tin này từ một trang web không đáng tin cậy. Minh nên làm gì để vừa giúp Lan hiểu rõ hơn về vấn đề, vừa thể hiện sự tôn trọng với ý kiến của bạn mình và tuân thủ quy tắc ứng xử trên không gian mạng?",Lập tức chỉ trích và bác bỏ ý kiến của Lan trước mặt mọi người để chứng minh mình đúng.,Bỏ qua và coi như không nghe thấy vì đó không phải là vấn đề nghiêm trọng.,Chia sẻ ngay đường link đến các nguồn thông tin chính thống để bạn Lan tự tìm hiểu thêm.,"Nhẹ nhàng góp ý, giải thích rõ ràng và cung cấp các nguồn tài liệu đáng tin cậy để Lan tham khảo thêm.",d
DaoDuc,"Lan vô tình đăng tải một bức ảnh riêng tư của mình lên mạng xã hội và nhanh chóng lan truyền. Hình ảnh đó sau đó bị chỉnh sửa và được sử dụng để bôi nhọ, xúc phạm Lan trên nhiều diễn đàn. Lan có thể làm gì để bảo vệ quyền lợi của mình và ngăn chặn những hành vi vi phạm pháp luật trên không gian mạng?",Tự mình xóa bỏ những hình ảnh đó và bỏ qua mọi chuyện.,Tìm cách liên hệ với những người đã lan truyền ảnh để yêu cầu họ gỡ xuống.,Đăng tải thông tin cá nhân của những người đã xúc phạm mình để trả đũa.,"Thu thập bằng chứng, báo cáo sự việc cho cơ quan chức năng để được hỗ trợ pháp lý và bảo vệ quyền riêng tư.",d
DaoDuc,"Một nhóm bạn học sinh lập một trang web để đăng tải những bài viết, hình ảnh và video do họ tự sáng tạo. Nhóm bạn muốn kiếm tiền từ trang web này bằng cách chèn quảng cáo. Theo quy định của pháp luật về quyền tác giả và sở hữu trí tuệ, nhóm bạn có cần phải tuân thủ những quy định nào và cần lưu ý điều gì để tránh vi phạm?","Cần xin phép và trả tiền bản quyền nếu sử dụng nội dung của người khác, tuân thủ các quy định về quảng cáo và bảo vệ thông tin cá nhân người dùng.",Không cần tuân thủ bất kỳ quy định nào vì đây là sản phẩm do các bạn tự tạo ra.,Chỉ cần tuân thủ các quy định về quảng cáo và bảo vệ thông tin cá nhân người dùng.,"Chỉ cần xin phép và trả tiền bản quyền nếu sử dụng hình ảnh, video.",a
DaoDuc,"Trong một nhóm chat, bạn Hùng chia sẻ một đường link dẫn đến một trang web chứa nội dung đồi trụy và kích động bạo lực. Hành vi này của Hùng có vi phạm những quy định nào của pháp luật và đạo đức, và bạn nên làm gì khi gặp tình huống tương tự?",Không vi phạm gì vì đây chỉ là chia sẻ thông tin cá nhân.,Vi phạm quy tắc ứng xử trên mạng xã hội và đạo đức.,"Vi phạm pháp luật, đặc biệt là các quy định về an ninh mạng và quyền trẻ em.","Vi phạm cả pháp luật, đạo đức và quy tắc ứng xử trên không gian mạng; bạn nên báo cáo với người lớn hoặc quản trị viên để xử lý.",d
DaoDuc,"Bạn An nhận được một tin nhắn từ một người lạ, trong đó người này tự nhận là bạn thân của một người bạn của An và muốn mượn tiền gấp vì đang gặp khó khăn. Người này yêu cầu An chuyển tiền qua tài khoản ngân hàng. An nên làm gì để đảm bảo an toàn và tránh bị lừa đảo?",Chuyển tiền ngay lập tức để giúp đỡ bạn.,"Hỏi han thông tin chi tiết về người bạn bị ""mắc kẹt"".",Gọi điện thoại hoặc nhắn tin trực tiếp cho người bạn để xác minh thông tin trước khi chuyển tiền.,Lờ đi tin nhắn đó vì chắc chắn là lừa đảo.,c
DaoDuc,"Trong một buổi sinh hoạt lớp trực tuyến, một học sinh đã cố tình sử dụng những lời lẽ khiếm nhã, thô tục để chọc ghẹo, bôi nhọ một bạn khác trong lớp. Hành động này vi phạm những quy tắc ứng xử nào trong môi trường học đường và trên không gian mạng, và bạn nên làm gì để giải quyết tình huống này một cách phù hợp?",Im lặng và bỏ qua vì không muốn làm to chuyện.,Cùng tham gia vào việc chọc ghẹo để thể hiện sự đồng tình.,Báo cáo với giáo viên chủ nhiệm hoặc người quản trị lớp để được can thiệp và xử lý.,Trả đũa bằng cách sử dụng những lời lẽ tương tự để đáp trả.,c
DaoDuc,"Một người bạn đăng lên mạng xã hội một bài viết có nội dung sai lệch và gây hiểu lầm về một người khác. Bạn biết rõ sự thật và muốn bảo vệ người bị hiểu lầm. Bạn nên làm gì để vừa thể hiện sự ủng hộ, vừa thể hiện sự văn minh trên không gian mạng?","Chia sẻ bài viết của người bạn kèm theo bình luận bênh vực người đó, bất chấp sự thật.",Trực tiếp tấn công và chỉ trích người bạn đã đăng bài viết sai sự thật.,"Viết một bài đăng giải thích rõ sự thật, cung cấp bằng chứng (nếu có) và chia sẻ một cách lịch sự.",Kêu gọi mọi người tẩy chay và lên án người bạn đã đăng bài viết.,c
DaoDuc,Bạn Nam phát hiện ra một lỗ hổng bảo mật trên một website của một công ty lớn. Bạn Nam muốn thông báo cho công ty để họ khắc phục. Hành động nào sau đây là phù hợp nhất với đạo đức và pháp luật?,"Liên hệ trực tiếp với công ty để thông báo về lỗ hổng, cung cấp thông tin chi tiết và hướng dẫn khắc phục.",Chia sẻ thông tin về lỗ hổng trên mạng xã hội để mọi người cùng biết và khai thác.,Đe dọa công ty để đòi tiền chuộc nếu không muốn lỗ hổng bị công khai.,Tự mình khai thác lỗ hổng để lấy thông tin hoặc chiếm quyền điều khiển website.,a
DaoDuc,"Trong quá trình làm bài tập nhóm, một thành viên trong nhóm đã sao chép một đoạn văn từ trên mạng mà không trích dẫn nguồn. Các thành viên còn lại nên làm gì để đảm bảo tính trung thực và tôn trọng quyền tác giả?",Bỏ qua vì đó là lỗi nhỏ.,Cùng nhau sao chép để hoàn thành bài tập nhanh hơn.,Góp ý và yêu cầu bạn đó trích dẫn nguồn hoặc viết lại bằng ngôn ngữ của mình.,Tố cáo hành vi đạo văn của bạn đó với giáo viên.,c
DaoDuc,"Bạn đọc được một bài viết trên mạng xã hội có nội dung tiêu cực, gây ảnh hưởng xấu đến tâm lý của bạn. Bạn nên làm gì trong tình huống này để bảo vệ sức khỏe tinh thần của mình?",Tiếp tục đọc và chia sẻ để bày tỏ sự đồng cảm với tác giả.,Tham gia bình luận để bày tỏ sự bức xúc và phẫn nộ về nội dung bài viết.,"Ngừng đọc, tránh xa những thông tin tiêu cực và tìm đến những nội dung tích cực, lành mạnh.",Tìm cách liên hệ với tác giả bài viết để tranh luận và phản biện.,c
DaoDuc,Bạn được một người bạn gửi cho một đường link chứa thông tin bí mật về một người nổi tiếng. Bạn nên làm gì khi nhận được đường link này?,Tò mò nhấp vào đường link để xem thông tin.,Chia sẻ đường link cho bạn bè để họ cùng xem.,Bỏ qua đường link và không quan tâm đến nội dung bên trong vì đó có thể là hành vi vi phạm quyền riêng tư.,Tải thông tin từ đường link về và lưu trữ trong máy tính của mình.,c
DaoDuc,"Bạn đang sử dụng một phần mềm mà bạn không rõ nguồn gốc. Phần mềm này yêu cầu bạn cung cấp thông tin cá nhân, bao gồm tên, địa chỉ, số điện thoại và tài khoản ngân hàng. Bạn nên làm gì trước khi cung cấp những thông tin này?",Cung cấp thông tin ngay vì phần mềm này có vẻ rất thú vị và hữu ích.,Cung cấp thông tin không chính xác để thử xem phần mềm hoạt động như thế nào.,"Tìm hiểu kỹ về phần mềm, đọc các đánh giá của người dùng khác và cân nhắc về mức độ tin cậy trước khi cung cấp thông tin.",Cung cấp thông tin nhưng đồng thời cài đặt thêm phần mềm bảo mật để bảo vệ dữ liệu của mình.,c
DaoDuc,"Bạn nhận thấy một tài khoản mạng xã hội đang đăng tải những thông tin sai lệch, xuyên tạc về chính sách của nhà nước. Bạn nên làm gì trong tình huống này?",Chia sẻ những thông tin sai lệch đó để mọi người cùng biết.,Tham gia vào các cuộc tranh luận trên mạng để phản bác và chỉ trích tài khoản đó.,Báo cáo với cơ quan chức năng hoặc các tổ chức có thẩm quyền để họ xử lý.,Cứ để yên vì việc đó không liên quan đến mình.,c
DaoDuc,Bạn tìm thấy một bức ảnh đẹp trên mạng và muốn sử dụng nó cho bài thuyết trình của mình. Bạn nên làm gì để tôn trọng quyền tác giả của người chụp ảnh?,Cứ sử dụng ảnh vì ai cũng có thể xem ảnh trên mạng.,Chỉnh sửa ảnh để thay đổi một số chi tiết để không bị coi là sao chép.,Xin phép tác giả hoặc tìm kiếm ảnh có giấy phép sử dụng miễn phí (ví dụ: Creative Commons) và ghi rõ nguồn.,Sử dụng ảnh và ghi nguồn sau khi sử dụng xong.,c
DaoDuc,"Trong một cuộc thi trực tuyến, bạn phát hiện ra một thí sinh khác đang gian lận bằng cách sử dụng các công cụ tìm kiếm để trả lời câu hỏi. Bạn nên làm gì?",Làm ngơ vì đó không phải việc của mình.,Tìm cách gian lận theo để đảm bảo chiến thắng.,Báo cáo với ban tổ chức để họ có biện pháp xử lý.,Cảnh cáo thí sinh đó và yêu cầu dừng hành vi gian lận.,c
DaoDuc,Bạn muốn đăng tải một video lên kênh YouTube cá nhân của mình. Trong video có sử dụng một đoạn nhạc nền của một ca sĩ nổi tiếng. Bạn cần phải làm gì để tránh vi phạm bản quyền?,Xin phép và trả phí bản quyền cho ca sĩ hoặc sử dụng các bản nhạc có giấy phép sử dụng miễn phí.,Cứ đăng tải video và hy vọng không ai phát hiện ra.,Thay đổi một số chi tiết trong bài hát để không bị coi là sao chép.,Sử dụng bài hát và ghi nguồn sau khi video được đăng tải.,a
DaoDuc,"Bạn nhận thấy một tài khoản mạng xã hội giả mạo một người bạn của bạn và có hành vi lừa đảo, yêu cầu mọi người chuyển tiền. Bạn nên làm gì?",Bỏ qua vì nghĩ rằng mọi người sẽ không bị lừa.,Cảnh báo bạn bè trên trang cá nhân về tài khoản giả mạo.,Báo cáo với mạng xã hội về tài khoản giả mạo và thông báo cho bạn bè để họ cảnh giác.,Liên hệ với chủ tài khoản giả mạo để đe dọa và yêu cầu dừng hành vi lừa đảo.,c
DaoDuc,Bạn có thể tham gia một sự kiện trực tuyến để trao đổi thông tin cá nhân mà không cần quan tâm đến các vấn đề về bảo mật.,Đúng,Sai,Không chắc,Tùy chọn,b
DaoDuc,"Bạn A và bạn B đang tranh cãi gay gắt trên mạng xã hội về một vấn đề chính trị. Bạn C đứng ngoài cuộc, chứng kiến sự việc. Theo bạn, hành động nào sau đây thể hiện sự ứng xử văn minh của bạn C trong tình huống này?",Tham gia vào cuộc tranh cãi và đứng về một phía.,"Chửi bới, lăng mạ cả bạn A và bạn B để thể hiện sự không hài lòng.","Góp ý, kêu gọi hai bạn bình tĩnh, tôn trọng lẫn nhau và dừng lại cuộc tranh cãi.",Chia sẻ những thông tin sai lệch về cả hai bạn để câu chuyện trở nên hấp dẫn hơn.,c
DaoDuc,"Khi sử dụng mạng xã hội, bạn nên hạn chế việc chia sẻ thông tin cá nhân của mình.",Đúng,Sai,Không chắc,Tùy chọn,a
DaoDuc,Bạn thấy một bài đăng trên mạng xã hội kêu gọi ủng hộ một quỹ từ thiện. Bạn nên làm gì để đảm bảo rằng số tiền của mình sẽ đến đúng địa chỉ và không bị lừa đảo?,"Chuyển tiền ngay vì đó là việc làm tốt, không nên nghi ngờ.",Chia sẻ bài đăng để nhiều người cùng ủng hộ.,"Kiểm tra thông tin về quỹ từ thiện, xem xét các giấy tờ liên quan và tìm hiểu về uy tín của tổ chức.",Cứ chuyển tiền một ít để xem có vấn đề gì không.,c
DaoDuc,"Khi giao tiếp trên mạng, bạn có thể thoải mái sử dụng những ngôn từ thô tục, xúc phạm người khác mà không cần quan tâm đến cảm xúc của họ.",Đúng,Sai,Không chắc,Tùy chọn,b
DaoDuc,"Bạn nhận thấy một người bạn của bạn đang chia sẻ những thông tin sai lệch, gây hiểu lầm về một vấn đề trên mạng xã hội. Bạn nên làm gì?","Kệ bạn, đó là quyền của bạn mình.",Chia sẻ thông tin sai lệch đó để mọi người cùng biết.,"Nhắn tin riêng cho bạn để góp ý nhẹ nhàng, giải thích rõ ràng và cung cấp thông tin chính xác.",Chỉ trích bạn đó trên trang cá nhân.,c
DaoDuc,"Bạn sử dụng một phần mềm trên điện thoại và nhận thấy phần mềm yêu cầu quyền truy cập vào danh bạ, vị trí và camera của bạn. Bạn nên làm gì?",Cấp quyền ngay vì phần mềm sẽ không làm gì sai.,Tìm kiếm bản crack của phần mềm để không cần cấp quyền.,Tìm hiểu xem phần mềm yêu cầu những quyền đó để làm gì và cân nhắc xem có nên cấp quyền hay không.,Xóa ngay phần mềm để bảo vệ thông tin cá nhân của mình.,c
DaoDuc,Hành vi nào sau đây thể hiện sự vi phạm đạo đức và pháp luật trong quyền tác giả?,Chia sẻ một bài viết trên mạng và ghi rõ nguồn.,Trích dẫn một đoạn văn trong bài luận và ghi rõ nguồn.,Tải một bộ phim trên mạng và chia sẻ cho bạn bè cùng xem.,Viết một bài hát dựa trên cảm hứng từ một bài hát khác.,c
DaoDuc,"Bạn có thể đăng tải những hình ảnh, video có nội dung nhạy cảm lên mạng xã hội mà không cần quan tâm đến hậu quả.",Đúng,Sai,Không chắc,Tùy chọn,b
DaoDuc,"Theo Bộ Quy tắc ứng xử trên mạng xã hội (Bộ TT&TT), hành vi nào sau đây là không được khuyến khích?","Chia sẻ những thông tin tích cực, mang tính xây dựng.","Tham gia vào các cuộc thảo luận lành mạnh, tôn trọng ý kiến của người khác.","Đăng tải những thông tin sai lệch, bịa đặt, xúc phạm người khác.","Cập nhật thông tin cá nhân một cách trung thực, đầy đủ.",c
DaoDuc,"Bạn đang tham gia một diễn đàn trực tuyến. Trong diễn đàn có một số người sử dụng ngôn ngữ thô tục, chửi bới nhau. Bạn nên làm gì?",Tham gia vào cuộc tranh cãi và sử dụng ngôn ngữ tương tự để đáp trả.,Bỏ qua và coi như không thấy gì để tránh rắc rối.,Báo cáo với người quản trị diễn đàn về hành vi vi phạm để họ có biện pháp xử lý.,Kêu gọi mọi người tẩy chay diễn đàn.,c
DaoDuc,Bạn đang sử dụng một trang web đọc truyện online. Trang web này yêu cầu bạn tạo tài khoản và cung cấp địa chỉ email. Bạn nên làm gì?,Cung cấp địa chỉ email thật để dễ dàng đăng nhập và nhận thông báo.,Cung cấp địa chỉ email không có thật để bảo vệ thông tin cá nhân.,Cân nhắc kỹ lưỡng về việc cung cấp địa chỉ email và đọc kỹ các quy định về bảo mật thông tin của trang web.,Chia sẻ địa chỉ email của bạn bè để họ cùng sử dụng.,c
DaoDuc,"Lan thấy trên một trang web chia sẻ phim ảnh, một bộ phim mới ra rạp được đăng tải miễn phí kèm theo lời kêu gọi mọi người cùng xem và chia sẻ. Lan rất thích bộ phim này và muốn xem ngay. Tuy nhiên, Lan biết việc xem và chia sẻ phim này có thể vi phạm pháp luật. Hành động nào sau đây là phù hợp nhất với đạo đức và pháp luật trong trường hợp này?","Tải phim về máy và xem một mình, không chia sẻ để tránh bị phát hiện.",Xem phim miễn phí và chia sẻ cho bạn bè để mọi người cùng thưởng thức.,Chờ đợi phim được phát hành trên các nền tảng hợp pháp hoặc mua vé xem phim tại rạp để ủng hộ nhà sản xuất.,"Tải phim về và đăng tải lên mạng xã hội để mọi người cùng xem, đồng thời kiếm thêm thu nhập từ quảng cáo.",c
DaoDuc,"Trong giờ học, thầy giáo giao bài tập nhóm và yêu cầu các nhóm tự tìm kiếm tài liệu trên Internet. An, một thành viên trong nhóm, tìm thấy một bài viết rất hay trên một trang web nước ngoài, có nội dung phù hợp với yêu cầu của bài tập. An muốn sử dụng bài viết này cho bài của nhóm nhưng lo ngại về vấn đề bản quyền. An nên làm gì trong tình huống này để đảm bảo tính hợp pháp và đạo đức?",Cứu bài viết rồi dịch lại và ghi tên mình là tác giả.,"Copy paste toàn bộ bài viết rồi ghi nguồn là trang web nước ngoài, không cần xin phép.","Trích dẫn thông tin từ bài viết, ghi rõ nguồn gốc và xin phép tác giả (nếu có thông tin liên hệ).","Tự viết lại bài viết dựa trên ý tưởng của bài viết nước ngoài, không cần ghi nguồn.",c
DaoDuc,"Trên một diễn đàn trực tuyến, Bình thấy một người dùng đăng tải thông tin sai lệch về một người nổi tiếng, kèm theo những lời lẽ xúc phạm và miệt thị. Bình cảm thấy rất bức xúc vì những thông tin này có thể gây ảnh hưởng đến danh dự của người nổi tiếng đó. Bình nên làm gì để thể hiện trách nhiệm của một người dùng mạng xã hội có văn hóa?","Tham gia vào cuộc tranh cãi, đáp trả những lời lẽ xúc phạm của người đăng bài.",Chia sẻ bài viết đó lên trang cá nhân để mọi người cùng lên án người đăng bài.,Bỏ qua bài viết đó vì cho rằng việc đó không liên quan đến mình.,Báo cáo bài viết với quản trị viên diễn đàn hoặc các cơ quan chức năng để xử lý.,d
DaoDuc,"Mai nhận được một email từ một người lạ tự xưng là đại diện của một công ty lớn, thông báo rằng cô đã trúng thưởng một giải thưởng lớn và yêu cầu cô cung cấp thông tin cá nhân, bao gồm số tài khoản ngân hàng để nhận giải. Mai cảm thấy nghi ngờ vì cô không tham gia bất kỳ chương trình khuyến mãi nào của công ty này. Hành động nào sau đây là phù hợp nhất để bảo vệ bản thân khỏi nguy cơ lừa đảo?",Cung cấp thông tin cá nhân để xác nhận và nhận giải thưởng.,Liên hệ với công ty để xác minh thông tin và tìm hiểu về giải thưởng.,"Không trả lời email, xóa email và cảnh báo bạn bè về nguy cơ lừa đảo.",Chuyển tiền vào tài khoản được yêu cầu để đảm bảo nhận được giải.,c
DaoDuc,"Nam đang tham gia một diễn đàn trực tuyến về game. Trong một cuộc tranh luận, Nam bất đồng quan điểm với một thành viên khác và bị người này dùng những lời lẽ thô tục, xúc phạm cá nhân. Nam cảm thấy rất tức giận. Nam nên làm  gì để giải quyết tình huống này một cách văn minh và thể hiện sự tôn trọng người khác trên mạng?",Chửi lại người kia bằng những lời lẽ thậm chí còn nặng nề hơn.,Bỏ qua và không quan tâm đến những lời nói của đối phương.,"Phản hồi một cách lịch sự, trình bày quan điểm của mình một cách rõ ràng và đề nghị người kia dừng việc xúc phạm.","Kêu gọi bạn bè cùng vào ""tấn công"" người kia.",c
DaoDuc,"Hùng muốn bán một chiếc điện thoại cũ trên mạng. Hùng đăng tải thông tin về chiếc điện thoại lên một trang rao vặt, kèm theo hình ảnh và giá cả. Một người mua liên hệ với Hùng và yêu cầu Hùng gửi ảnh chi tiết hơn. Hùng đã gửi thêm nhiều ảnh chụp màn hình các ứng dụng bên trong điện thoại, bao gồm cả thông tin cá nhân của mình. Hành động này có thể gây ra những rủi ro nào về bảo mật thông tin cá nhân của Hùng?",Không có rủi ro gì vì Hùng chỉ đang giao dịch mua bán đồ cũ.,Rủi ro bị lộ thông tin liên lạc và bị làm phiền từ những người lạ.,Rủi ro bị lộ mật khẩu tài khoản và bị chiếm đoạt tài sản.,Cả b và c.,d
DaoDuc,"Trang, một học sinh cấp 3, đọc được một bài viết trên mạng xã hội có nội dung kích động bạo lực và thù hận. Trang cảm thấy rất khó chịu và lo lắng về những ảnh hưởng tiêu cực của thông tin này đến cộng đồng. Trang nên làm gì để góp phần xây dựng một môi trường mạng lành mạnh?",Chia sẻ bài viết đó để mọi người cùng biết và lên án.,Bình luận vào bài viết để bày tỏ thái độ phản đối.,Báo cáo bài viết với quản trị viên trang mạng hoặc các cơ quan chức năng.,Bỏ qua vì cho rằng việc này không liên quan đến mình.,c
DaoDuc,"Tuấn được bạn bè rủ rê tham gia một trò chơi trực tuyến có tính chất cờ bạc, với lời hứa sẽ kiếm được nhiều tiền. Tuấn cảm thấy tò mò và muốn thử vận may của mình. Tuy nhiên, Tuấn biết rõ những tác hại của cờ bạc. Tuấn nên làm gì để bảo vệ bản thân khỏi những rủi ro liên quan đến cờ bạc trực tuyến?",Tham gia chơi thử một vài ván để xem có may mắn không.,Chấp nhận lời mời của bạn bè và coi đó là một hình thức giải trí.,Từ chối tham gia và giải thích cho bạn bè về những tác hại của cờ bạc trực tuyến.,Rủ thêm nhiều bạn bè cùng tham gia để tăng cơ hội chiến thắng.,c
DaoDuc,Hà thấy trên mạng xã hội có nhiều người chia sẻ những hình ảnh và thông tin cá nhân nhạy cảm của một người bạn học. Hà biết rõ hành vi này là vi phạm quyền riêng tư và có thể gây ra những hậu quả nghiêm trọng. Hà nên làm gì trong tình huống này để bảo vệ bạn mình và thể hiện trách nhiệm của một người bạn?,Chia sẻ những hình ảnh và thông tin đó để cảnh báo mọi người.,Bỏ qua vì cho rằng việc này không liên quan đến mình.,"Báo cáo với quản trị viên trang mạng, khuyên bảo bạn bè không tiếp tục chia sẻ và động viên người bạn.",Tham gia vào việc lan truyền thông tin để tăng thêm sự chú ý.,c
DaoDuc,"Trong một buổi học trực tuyến, cô giáo yêu cầu học sinh bật camera để tiện cho việc theo dõi và tương tác. Tuy nhiên, một số học sinh đã tắt camera với nhiều lý do khác nhau. Hành động nào sau đây thể hiện sự tôn trọng và hợp tác trong môi trường học tập trực tuyến?",Cứ tắt camera để thoải mái làm việc riêng.,Yêu cầu cô giáo cho phép tắt camera vì không tiện.,Bật camera trong suốt buổi học và chủ động tương tác với giáo viên và bạn bè.,Chỉ bật camera khi được giáo viên gọi đến.,c
DaoDuc,"An là một người viết blog. An đăng tải một bài viết chia sẻ kinh nghiệm học tập của mình, trong đó có sử dụng một số hình ảnh minh họa được tìm thấy trên Internet. An không ghi rõ nguồn gốc của những hình ảnh này. Hành động của An có thể vi phạm quyền nào và An nên làm gì để sửa đổi sai sót?","Vi phạm quyền riêng tư của người sở hữu hình ảnh, nên xóa bỏ hình ảnh.","Vi phạm quyền tác giả của người chụp ảnh, cần ghi rõ nguồn gốc hoặc xin phép sử dụng.",Không vi phạm quyền gì vì hình ảnh được tìm thấy trên Internet là miễn phí.,"Vi phạm quyền thương mại, nên gỡ bỏ bài viết.",b
DaoDuc,"Trên một trang web, bạn tìm thấy một bộ tài liệu học tập rất hữu ích và muốn tải về để sử dụng. Tuy nhiên, trang web yêu cầu bạn phải trả một khoản phí để tải tài liệu. Bạn có hai lựa chọn: mua tài liệu theo đúng quy định hoặc tìm cách tải lậu từ những nguồn không chính thức. Hành động nào sau đây là hành động phù hợp nhất với đạo đức và pháp luật?",Tải tài liệu lậu để tiết kiệm chi phí.,Chia sẻ tài liệu lậu cho bạn bè để cùng sử dụng.,Mua tài liệu theo đúng quy định để tôn trọng quyền tác giả và ủng hộ người tạo ra tài liệu.,Không tải tài liệu vì cho rằng giá cả quá cao.,c
DaoDuc,"Bạn đang tham gia một cuộc thi trực tuyến. Trong quá trình làm bài, bạn phát hiện ra một lỗ hổng trong hệ thống cho phép bạn xem đáp án trước khi nộp bài. Bạn có hai lựa chọn: lợi dụng lỗ hổng này để đạt kết quả cao hơn hoặc báo cáo lỗ hổng để ban tổ chức khắc phục. Hành động nào sau đây là phù hợp nhất với tính trung thực và đạo đức?",Lợi dụng lỗ hổng để đạt giải cao vì ai cũng làm.,Báo cáo lỗ hổng cho ban tổ chức để cuộc thi được diễn ra công bằng.,Giữ im lặng và hoàn thành bài thi theo cách bình thường.,Chia sẻ lỗ hổng với bạn bè để cùng có lợi.,b
DaoDuc,"Bạn nhận được một đường link qua tin nhắn, được giới thiệu là một chương trình khuyến mãi hấp dẫn từ một nhãn hàng nổi tiếng. Bạn nhấp vào đường link và được yêu cầu cung cấp thông tin cá nhân, bao gồm số điện thoại, địa chỉ và thông tin tài khoản ngân hàng. Bạn nên làm gì để đảm bảo an toàn thông tin cá nhân?",Điền đầy đủ thông tin để nhận ưu đãi.,Chia sẻ đường link cho bạn bè để cùng nhận ưu đãi.,"Cẩn trọng, kiểm tra kỹ thông tin về chương trình khuyến mãi và tuyệt đối không cung cấp thông tin cá nhân nhạy cảm.",Liên hệ với nhãn hàng trực tiếp để xác nhận thông tin và tham gia.,c
DaoDuc,"Bạn chứng kiến trên mạng xã hội một cuộc tấn công mạng vào một tổ chức, làm lộ thông tin cá nhân của nhiều người dùng. Bạn có thể chia sẻ thông tin này để cảnh báo mọi người. Tuy nhiên, bạn cũng lo ngại về việc lan truyền thông tin có thể gây ra hoang mang và lo lắng. Hành động nào sau đây là phù hợp nhất?",Chia sẻ thông tin một cách rộng rãi để cảnh báo tất cả mọi người.,Không chia sẻ thông tin để tránh gây hoang mang.,"Chia sẻ thông tin một cách chọn lọc, kèm theo những hướng dẫn cụ thể để bảo vệ thông tin cá nhân.",Báo cáo cho cơ quan chức năng.,c
DaoDuc,"Trong một nhóm chat trên mạng xã hội của lớp, một thành viên đăng tải những thông tin sai lệch về một bạn học khác, gây ra sự hiểu lầm và xích mích trong lớp. Bạn là một thành viên trong nhóm và chứng kiến sự việc này. Bạn nên làm gì?","Im lặng, không tham gia vào cuộc tranh luận vì cho rằng việc này không liên quan đến mình.","Chia sẻ thông tin sai lệch để ""hóng chuyện"" xem tình hình thế nào.","Đề nghị thành viên đăng tải thông tin gỡ bỏ bài viết, hoặc báo cáo cho người quản lý nhóm để giải quyết.","Tham gia vào tranh cãi, bênh vực cho bạn mình và phản bác lại.",c
DaoDuc,Bạn đang sử dụng một phần mềm bản quyền trên máy tính của mình. Một người bạn hỏi bạn có thể cho họ mượn phần mềm này để cài đặt trên máy tính của họ được không. Hành động của bạn nên như thế nào?,Đồng ý cho bạn mượn vì bạn bè cần giúp đỡ nhau.,Từ chối cho mượn vì sợ phần mềm bị hỏng.,Giải thích cho bạn hiểu về vấn đề bản quyền và khuyến khích bạn mua phần mềm hợp pháp.,Cho mượn và hướng dẫn bạn bẻ khóa để dùng miễn phí.,c
DaoDuc,"Bạn muốn đăng tải một bức ảnh phong cảnh tuyệt đẹp mà bạn chụp được lên trang cá nhân. Tuy nhiên, bạn nhận thấy trên ảnh có xuất hiện logo của một công ty du lịch. Bạn nên làm gì để đảm bảo tính hợp pháp và tránh vi phạm bản quyền?","Cứ đăng tải ảnh lên, vì logo chỉ là chi tiết nhỏ, không ảnh hưởng gì.",Cắt bỏ logo của công ty du lịch để tránh rắc rối.,"Liên hệ với công ty du lịch xin phép sử dụng hình ảnh, hoặc che logo trước khi đăng.",Không đăng tải ảnh vì quá rắc rối.,c
DaoDuc,"Bạn nhận được một lời mời kết bạn trên mạng xã hội từ một người lạ. Trang cá nhân của người này có rất ít thông tin, hình ảnh thì không rõ ràng. Bạn nên làm gì?",Chấp nhận lời mời kết bạn để mở rộng mối quan hệ.,"Tìm hiểu kỹ thông tin về người đó, hoặc bỏ qua lời mời nếu cảm thấy không an toàn.",Chấp nhận lời mời và kể cho mọi người biết về sự kết bạn này.,Chặn người đó vì cảm thấy nghi ngờ.,b
DaoDuc,Bạn phát hiện ra một lỗ hổng bảo mật trong một ứng dụng di động mà bạn đang sử dụng. Lỗ hổng này có thể cho phép kẻ xấu truy cập vào thông tin cá nhân của người dùng. Bạn nên làm gì?,Giữ bí mật về lỗ hổng để sử dụng riêng.,Chia sẻ thông tin về lỗ hổng cho bạn bè để cùng khai thác.,Báo cáo lỗ hổng cho nhà phát triển ứng dụng để họ khắc phục.,Tự mình tìm cách khai thác lỗ hổng để có lợi cho bản thân.,c
DaoDuc,"Bạn muốn tham gia viết bài cho một trang web chia sẻ kiến thức, nhưng không có nhiều kinh nghiệm. Bạn có thể tham khảo các bài viết đã có trên trang web, và viết lại theo cách hiểu của mình. Tuy nhiên, bạn lại lo ngại về vấn đề bản quyền. Trong trường hợp này bạn nên làm gì để đảm bảo tính hợp pháp và đạo đức?","Sao chép nguyên bản bài viết, thay đổi một vài từ ngữ rồi đăng lên.","Đọc kỹ các tài liệu, viết lại theo cách hiểu của mình, trích dẫn nguồn gốc nếu sử dụng ý tưởng từ các bài viết khác.","Bỏ qua, loay hoay tìm một chủ đề mới.","Không quan tâm đến vấn đề bản quyền, cứ viết theo cách của mình.",b
DaoDuc,Bạn muốn tạo một kênh YouTube để chia sẻ những video do bạn tự sản xuất. Bạn có thể sử dụng những bản nhạc có sẵn làm nhạc nền cho video của mình. Tuy nhiên bạn lại băn khoăn về vấn đề bản quyền. Hành động nào sau đây là đúng đắn nhất?,"Tải nhạc từ bất kỳ nguồn nào và sử dụng tự do, không cần quan tâm đến bản quyền.",Sử dụng nhạc có bản quyền nhưng không ghi nguồn để tránh rắc rối.,"Sử dụng nhạc miễn phí bản quyền, hoặc xin phép tác giả, ghi rõ thông tin nguồn gốc.","Mua đĩa nhạc gốc rồi tạo nhạc nền cho video, không cần xin phép.",c
DaoDuc,"Trong một cuộc tranh luận trực tuyến, một người dùng đưa ra những ý kiến bất lịch sự, có tính chất đe dọa, gây ảnh hưởng đến tâm lý và tinh thần của bạn. Bạn nên làm gì?",Chửi lại người đó bằng những từ ngữ thậm tệ hơn.,Cố gắng tranh luận và thuyết phục người đó thay đổi quan điểm.,"Ngừng tranh luận, báo cáo với quản trị viên của diễn đàn hoặc trang mạng và chặn người dùng đó.",Bỏ qua và tiếp tục theo đuổi mục tiêu của mình.,c
DaoDuc,"Bạn đọc được một bài viết trên mạng xã hội có nội dung sai sự thật, vu khống một người. Nhiều người đã chia sẻ bài viết này. Hành động của bạn nên là gì?",Chia sẻ bài viết này để mọi người cùng biết sự thật.,Bình luận để phản bác lại những thông tin sai lệch trong bài viết.,"Không chia sẻ, báo cáo bài viết và chủ động tìm kiếm thông tin chính xác để bảo vệ người bị vu khống.",Bỏ qua vì cho rằng việc đó không liên quan đến mình.,c
DaoDuc,"Bạn được yêu cầu tham gia một khảo sát trực tuyến và phải cung cấp một số thông tin cá nhân. Trang web khảo sát không có bất kỳ thông tin nào về chính sách bảo mật, bảo vệ thông tin người dùng. Bạn nên làm gì?",Điền đầy đủ thông tin vì không có gì đáng lo ngại.,Điền thông tin không chính xác để tránh bị lộ thông tin cá nhân.,Không tham gia khảo sát hoặc tìm hiểu thật kỹ về trang web trước khi cung cấp thông tin.,Tham gia khảo sát vì cho rằng đây là cơ hội tốt để bày tỏ ý kiến của mình.,c
DaoDuc,"Đang sử dụng ứng dụng trên điện thoại, bạn nhận được một thông báo yêu cầu cấp quyền truy cập vào danh bạ, tin nhắn, vị trí của bạn. Bạn nên làm gì?",Cứ cấp quyền vì ứng dụng nào cũng cần.,Từ chối cấp quyền và gỡ ứng dụng ra khỏi máy.,"Đọc kỹ các điều khoản và chính sách bảo mật của ứng dụng, chỉ cấp quyền nếu thực sự cần thiết.",Cấp hết tất cả các quyền để sử dụng ứng dụng được trọn vẹn.,c
DaoDuc,"Bạn phát hiện ra một tài khoản mạng xã hội giả mạo, sử dụng thông tin và hình ảnh của bạn để lừa đảo người khác. Hành động của bạn nên là gì?","Kêu gọi bạn bè và người thân vào ""tấn công"" tài khoản giả mạo.",Báo cáo tài khoản giả mạo với nhà cung cấp dịch vụ mạng xã hội và cung cấp bằng chứng về việc bị giả mạo.,Để mặc kệ vì cho rằng việc này không gây ảnh hưởng đến mình.,"Tạo thêm nhiều tài khoản giả mạo khác để ""trả đũa"".",b
DaoDuc,"Bạn tham gia một nhóm chat và một thành viên chia sẻ những nội dung đồi trụy, vi phạm thuần phong mỹ tục. Bạn nên làm gì?",Tham gia vào nội dung đó vì ai cũng tò mò.,"Báo cáo hành vi này cho quản trị viên nhóm chat, không tham gia và khuyến cáo các thành viên khác.","Im lặng, không quan tâm vì cho rằng việc này không liên quan đến mình, không muốn làm to chuyện..","Chia sẻ nội dung đó cho bạn bè xem ""cho vui"".",b
DaoDuc,"Bạn muốn tạo một trang web về một chủ đề mà bạn yêu thích. Bạn có thể sử dụng các hình ảnh, video và bài viết có sẵn trên Internet để tạo nội dung cho trang web. Tuy nhiên, bạn lại lo ngại về vấn đề bản quyền. Trong tình huống này bạn có thể làm gì?",Cứ sử dụng thoải mái vì ai cũng làm vậy.,"Tự tạo ra tất cả các nội dung, nếu không có nhiều thời gian và không đủ khả năng.","Sử dụng những nội dung miễn phí bản quyền, hoặc xin phép tác giả, ghi rõ thông tin nguồn gốc.",Mua lại bản quyền của tất cả các nội dung sử dụng.,c
DaoDuc,"Bạn có thể chia sẻ tài khoản mạng xã hội của mình cho bạn bè, người thân để họ có thể dễ dàng theo dõi bạn. Tuy nhiên, bạn lo ngại về việc thông tin cá nhân của mình có thể bị lộ. Bạn nên làm gì để cân bằng giữa việc chia sẻ và bảo vệ thông tin cá nhân?",Không chia sẻ thông tin tài khoản vì quá rủi ro.,Chia sẻ tài khoản cho tất cả mọi người.,"Chủ động kiểm soát thông tin được chia sẻ, chỉ chia sẻ cho những người tin tưởng và thiết lập các chế độ bảo mật phù hợp.",Chia sẻ tài khoản và tin tưởng vào tất cả mọi người.,c
